cohort_id	paper_ids	design_tags	n_claims	n_unique_donors	n_case_donors	n_control_donors	accession
COHORT_MS_ANTI_CD20	PMID40879186	INDEPENDENT_CASE_CONTROL	2				NONE_PUBLIC
COHORT_CKTR	PMID32754283	INDEPENDENT_CASE_CONTROL|REUSED_COHORT	2				GSE131685
COHORT_HCC_GSE245906	PMID41699549	PAIRED_TISSUE|MULTI_ASSAY	3	10	10	10	GSE245906
COHORT_IPF_GSE135893	PMID32661339	INDEPENDENT_CASE_CONTROL	1	22	12	10	GSE135893
COHORT_DN_GSE131882	PMID31506348;PMID37312900	INDEPENDENT_CASE_CONTROL|REUSED_COHORT	4	6	3	3	GSE131882
COHORT_EARLY_MS_GSE267750	PMID40359016	LONGITUDINAL|REUSED_COHORT	3				GSE267750
COHORT_COPD_GSE310058	PMID41578022	MULTI_REGION	5				GSE310058
COHORT_CARDIAC_ATLAS	PMID41937210	REUSED_COHORT|MULTI_ASSAY|MIXED_DESIGN	5				GSE290367
COHORT_SLE_GSE254176	PMID40744996	LONGITUDINAL|INDEPENDENT_CASE_CONTROL	7				GSE254176
COHORT_PREG_SARSCOV2	PMID35662411	MULTI_ASSAY|INDEPENDENT_CASE_CONTROL	4				PRJNA817521
COHORT_COVID_LUNG	PMID36848564	REUSED_COHORT|MIXED_DESIGN	1				GSE149878;GSE122960;GSE163919;GSE158127
COHORT_CTE_GSE155114	PMID34019156	INDEPENDENT_CASE_CONTROL	7	16	8	8	GSE155114
COHORT_COPD_PBEC_ALI	PMID35549656	INDEPENDENT_CASE_CONTROL	1				NONE_LOCATED
COHORT_NMOSD_NK	PMID41629974	INDEPENDENT_CASE_CONTROL|MULTI_ASSAY	1				NONE_PUBLIC
COHORT_HF_ACE2	PMID32511460	INDEPENDENT_CASE_CONTROL	1				UNRESOLVED
COHORT_MS_ROSMAP_NONLESIONAL	PMID38187779	REUSED_COHORT|INDEPENDENT_CASE_CONTROL	1				UNRESOLVED
COHORT_SSC_ILD	PMID42292441	REUSED_COHORT	1				GSE128169;GSE159354
COHORT_T1D_ISLET	PMID42433374	REUSED_COHORT|MIXED_DESIGN|MULTI_ASSAY	1				GSE181674;GSE50244;GSE162689
