claim_id	paper_id	cohort_id	assay_id	disease	tissue	cell_state	direction	claim_source_status	claim_source_evidence	cohort_status	cohort_evidence	assay_status	assay_type	assay_evidence	accession	accession_status	accession_role	processed_object_status	public_data_verification_level	donor_status	donor_evidence	condition_status	condition_evidence	author_label_status	author_label_evidence	numerator_status	numerator_definition	numerator_evidence	denominator_status	denominator_definition	denominator_evidence	denominator_taxonomy	claim_granularity	reusability_class	primary_failure_node	secondary_failure_nodes	audit_confidence	provenance_closure_score	notes
PMID40879186_C001	PMID40879186	COHORT_MS_ANTI_CD20	COHORT_MS_ANTI_CD20__CITE	multiple sclerosis	PBMC	IL1Bhigh monocytes	DECREASED	VERIFIED	Results; Fig. 1D-E; IL1Bhigh monocytes more prominent in HC than naive MS baseline	VERIFIED	Article: treatment-naive relapsing MS versus healthy PBMC.	VERIFIED	CITE-seq	CITE-seq; Article: treatment-naive relapsing MS versus healthy PBMC.	NONE_PUBLIC	VERIFIED_NOT_PUBLIC	none	CONFIRMED_NOT_PUBLIC	0	CONFIRMED_MISSING		CONFIRMED_MISSING		CONFIRMED_NOT_AVAILABLE		CONFIRMED_NOT_AVAILABLE	IL1Bhigh monocytes		CONFIRMED_NOT_AVAILABLE			UNKNOWN	SUBTYPE	NOT_REUSABLE	NO_PUBLIC_DATA		HIGH	3.0	Data availability: release on reasonable request. No public accession.
PMID40879186_C002	PMID40879186	COHORT_MS_ANTI_CD20	COHORT_MS_ANTI_CD20__CITE	multiple sclerosis	PBMC	classical monocytes	INCREASED	VERIFIED	Results; classical monocytes more prevalent in MS baseline than HC	VERIFIED	Article: treatment-naive relapsing MS versus healthy PBMC.	VERIFIED	CITE-seq	CITE-seq; Article: treatment-naive relapsing MS versus healthy PBMC.	NONE_PUBLIC	VERIFIED_NOT_PUBLIC	none	CONFIRMED_NOT_PUBLIC	0	CONFIRMED_MISSING		CONFIRMED_MISSING		CONFIRMED_NOT_AVAILABLE		CONFIRMED_NOT_AVAILABLE	classical monocytes		CONFIRMED_NOT_AVAILABLE			UNKNOWN	BROAD_CELL_TYPE	NOT_REUSABLE	NO_PUBLIC_DATA		HIGH	3.0	Data availability: release on reasonable request. No public accession.
PMID32754283_C001	PMID32754283	COHORT_CKTR	COHORT_CKTR__SCRNA	chronic kidney transplant rejection	kidney	memory B cells (cluster 0)	INCREASED	VERIFIED	Results > B lymphocytes harbor two distinct types of memory B cells; Fig. 4C	PARTIAL	Article uses GSE131685 healthy adult kidney as the control arm. Case biopsy matrices were not located.	PARTIAL	scRNA	scRNA; Article uses GSE131685 healthy adult kidney as the control arm. Case biopsy matrices were not located.	GSE131685	PARTIAL_PUBLIC	control_only_named	CONTROL_SERIES_LISTED_NOT_OPENED	1	UNRESOLVED		PARTIAL		UNRESOLVED		UNRESOLVED	memory B cells (cluster 0)		UNRESOLVED			UNKNOWN	CLUSTER_DERIVED_STATE	UNRESOLVED	UNRESOLVED	CASE_DATA_MISSING	MEDIUM	3.0	Control GEO series is named. Case deposition was not confirmed absent from every supplement, so this is not NOT_REUSABLE.
PMID32754283_C002	PMID32754283	COHORT_CKTR	COHORT_CKTR__SCRNA	chronic kidney transplant rejection	kidney	MyoF (fibroblast cluster 0)	INCREASED	VERIFIED	Results > Myofibroblasts (MyoFs) were enriched in the CKTR biopsies; Fig. 6	PARTIAL	Article uses GSE131685 healthy adult kidney as the control arm. Case biopsy matrices were not located.	PARTIAL	scRNA	scRNA; Article uses GSE131685 healthy adult kidney as the control arm. Case biopsy matrices were not located.	GSE131685	PARTIAL_PUBLIC	control_only_named	CONTROL_SERIES_LISTED_NOT_OPENED	1	UNRESOLVED		PARTIAL		UNRESOLVED		UNRESOLVED	MyoF (fibroblast cluster 0)		UNRESOLVED			UNKNOWN	CLUSTER_DERIVED_STATE	UNRESOLVED	UNRESOLVED	CASE_DATA_MISSING	MEDIUM	3.0	Control GEO series is named. Case deposition was not confirmed absent from every supplement, so this is not NOT_REUSABLE.
PMID41699549_C001	PMID41699549	COHORT_HCC_GSE245906	COHORT_HCC_GSE245906__INNATE	hepatocellular carcinoma	liver	cytotoxic CD4⁺ T cells	INCREASED	VERIFIED	Results > Single-cell RNA sequencing reveals cell-type-specific expression and immune remodeling; Fig. 7A-C	VERIFIED	Opened metadata: 10 patients, paired HCC and adjacent non-tumor libraries.	VERIFIED	scRNA	scRNA; Opened metadata: 10 patients, paired HCC and adjacent non-tumor libraries.	GSE245906	VERIFIED_PUBLIC	primary_processed_metadata	METADATA_OPENED_COUNTS_NOT_FULLY_OPENED	4	VERIFIED	patient IDs 12,13,14,16,17,18,19,20,23,24; one HCC and one NT library each.	VERIFIED	tissue field HCC versus NT.	CONFIRMED_NOT_AVAILABLE		CONFIRMED_NOT_AVAILABLE	cytotoxic CD4⁺ T cells		CONFIRMED_NOT_AVAILABLE			UNKNOWN	ACTIVATION_STATE	NOT_REUSABLE	ASSAY_SCOPE_MISMATCH	PAIRED_DESIGN_AMBIGUITY	HIGH	6.0	Cytotoxic CD4 T cells are outside the innate sort (panTCRab-negative, CD19-negative).
PMID41699549_C002	PMID41699549	COHORT_HCC_GSE245906	COHORT_HCC_GSE245906__INNATE	hepatocellular carcinoma	liver	MDSCs	INCREASED	VERIFIED	Results > Single-cell RNA sequencing reveals cell-type-specific expression and immune remodeling; Fig. 7A-C	VERIFIED	Opened metadata: 10 patients, paired HCC and adjacent non-tumor libraries.	VERIFIED	scRNA	scRNA; Opened metadata: 10 patients, paired HCC and adjacent non-tumor libraries.	GSE245906	VERIFIED_PUBLIC	primary_processed_metadata	METADATA_OPENED_COUNTS_NOT_FULLY_OPENED	4	VERIFIED	patient IDs 12,13,14,16,17,18,19,20,23,24; one HCC and one NT library each.	VERIFIED	tissue field HCC versus NT.	UNRESOLVED		UNRESOLVED	MDSCs		UNRESOLVED			UNKNOWN	DISEASE_STATE	PARTIALLY_REUSABLE	UNRESOLVED	AUTHOR_LABEL_MISSING|PAIRED_DESIGN_AMBIGUITY	HIGH	6.0	Sort is CD45+ panTCRab- CD19- innate cells. Cluster numbers 0-21 are stored. Biological names were not in the opened metadata. Journal supplement was not downloaded.
PMID41699549_C003	PMID41699549	COHORT_HCC_GSE245906	COHORT_HCC_GSE245906__INNATE	hepatocellular carcinoma	liver	hepatocytes	DECREASED	VERIFIED	Results > Single-cell RNA sequencing reveals cell-type-specific expression and immune remodeling; Fig. 7A-C	VERIFIED	Opened metadata: 10 patients, paired HCC and adjacent non-tumor libraries.	VERIFIED	scRNA	scRNA; Opened metadata: 10 patients, paired HCC and adjacent non-tumor libraries.	GSE245906	VERIFIED_PUBLIC	primary_processed_metadata	METADATA_OPENED_COUNTS_NOT_FULLY_OPENED	4	VERIFIED	patient IDs 12,13,14,16,17,18,19,20,23,24; one HCC and one NT library each.	VERIFIED	tissue field HCC versus NT.	CONFIRMED_NOT_AVAILABLE		CONFIRMED_NOT_AVAILABLE	hepatocytes		CONFIRMED_NOT_AVAILABLE			UNKNOWN	BROAD_CELL_TYPE	NOT_REUSABLE	ASSAY_SCOPE_MISMATCH	PAIRED_DESIGN_AMBIGUITY	HIGH	6.0	Hepatocytes are outside the CD45-positive innate sort.
PMID32661339_C001	PMID32661339	COHORT_IPF_GSE135893	COHORT_IPF_GSE135893__SCRNA	idiopathic pulmonary fibrosis	lung alveolar epithelium	PATS-like	INCREASED	VERIFIED	Results > PATS associated gene expression signatures and signalling pathways are enriched in human fibrotic lungs; Fig. 7	VERIFIED	Opened metadata Diagnosis field separates IPF from Control and from other ILD labels.	VERIFIED	scRNA	scRNA; Opened metadata Diagnosis field separates IPF from Control and from other ILD labels.	GSE135893	VERIFIED_PUBLIC	primary_cell_metadata	METADATA_OPENED	4	VERIFIED	Sample_Name is 1:1 with Diagnosis; 12 IPF and 10 Control sample names.	VERIFIED	Diagnosis IPF versus Diagnosis Control.	DETERMINISTIC_COLLAPSE	Public celltype KRT5-/KRT17+ is the paper's PATS rename.	RECONSTRUCTABLE	KRT5-/KRT17+ cells	485 cells with that label.	NEAR_MATCH_UNEXPLAINED	four alveolar labels AT1, AT2, Transitional AT2, KRT5-/KRT17+	Public four-label set is 11727. Figure text prints 11725. No source rule excludes 2 cells.	CUSTOM_SUBSET	TRANSITIONAL_STATE	PARTIALLY_REUSABLE	DENOMINATOR_MISSING		HIGH	8.5	Exemplar. Numerator reconstructable. Denominator not closed. Not FULLY_REUSABLE.
PMID37312900_C001	PMID37312900	COHORT_DN_GSE131882	COHORT_DN_GSE131882__SNRNA	diabetic nephropathy	kidney	B cells	INCREASED	VERIFIED	Results; GSE131882 single-cell section; Fig. 7C	VERIFIED	Same GSE131882 samples as PMID31506348. Claims stay separate.	VERIFIED	snRNA	snRNA; Same GSE131882 samples as PMID31506348. Claims stay separate.	GSE131882	VERIFIED_PUBLIC	reused_raw_counts	RAW_COUNTS_OPENED_NO_LABEL_TABLE	4	VERIFIED	Same six sample files.	VERIFIED	Same diabetic versus control sample labels.	REFERENCE_MAPPING_REQUIRED	Paper annotates a refiltered object with CellMarker/scHCL. Those names are not columns in the opened GEO matrices.	UNRESOLVED	B cells		UNRESOLVED			UNKNOWN	SUBTYPE	PARTIALLY_REUSABLE	UNRESOLVED	AUTHOR_LABEL_MISSING|SHARED_COHORT_AMBIGUITY	HIGH	6.5	Shared cohort with PMID31506348. A supplementary barcode table was not downloaded.
PMID37312900_C002	PMID37312900	COHORT_DN_GSE131882	COHORT_DN_GSE131882__SNRNA	diabetic nephropathy	kidney	monocytes	INCREASED	VERIFIED	Results; GSE131882 single-cell section; Fig. 7C	VERIFIED	Same GSE131882 samples as PMID31506348. Claims stay separate.	VERIFIED	snRNA	snRNA; Same GSE131882 samples as PMID31506348. Claims stay separate.	GSE131882	VERIFIED_PUBLIC	reused_raw_counts	RAW_COUNTS_OPENED_NO_LABEL_TABLE	4	VERIFIED	Same six sample files.	VERIFIED	Same diabetic versus control sample labels.	REFERENCE_MAPPING_REQUIRED	Paper annotates a refiltered object with CellMarker/scHCL. Those names are not columns in the opened GEO matrices.	UNRESOLVED	monocytes		UNRESOLVED			UNKNOWN	BROAD_CELL_TYPE	PARTIALLY_REUSABLE	UNRESOLVED	AUTHOR_LABEL_MISSING|SHARED_COHORT_AMBIGUITY	HIGH	6.5	Shared cohort with PMID31506348. A supplementary barcode table was not downloaded.
PMID37312900_C003	PMID37312900	COHORT_DN_GSE131882	COHORT_DN_GSE131882__SNRNA	diabetic nephropathy	kidney	natural killer T cells	INCREASED	VERIFIED	Results; GSE131882 single-cell section; Fig. 7C	VERIFIED	Same GSE131882 samples as PMID31506348. Claims stay separate.	VERIFIED	snRNA	snRNA; Same GSE131882 samples as PMID31506348. Claims stay separate.	GSE131882	VERIFIED_PUBLIC	reused_raw_counts	RAW_COUNTS_OPENED_NO_LABEL_TABLE	4	VERIFIED	Same six sample files.	VERIFIED	Same diabetic versus control sample labels.	REFERENCE_MAPPING_REQUIRED	Paper annotates a refiltered object with CellMarker/scHCL. Those names are not columns in the opened GEO matrices.	UNRESOLVED	natural killer T cells		UNRESOLVED			UNKNOWN	SUBTYPE	PARTIALLY_REUSABLE	UNRESOLVED	AUTHOR_LABEL_MISSING|SHARED_COHORT_AMBIGUITY	HIGH	6.5	Shared cohort with PMID31506348. A supplementary barcode table was not downloaded.
PMID40359016_C001	PMID40359016	COHORT_EARLY_MS_GSE267750	COHORT_EARLY_MS_GSE267750__SCRNA	early multiple sclerosis	PBMC B-cell compartment	ABC 1	INCREASED	VERIFIED	Results > Characterization of B cell populations; Fig. 1F	PARTIAL	Series lists 32 records. Article describes 16 people at two time points plus external controls. Cell file not opened.	VERIFIED	scRNA	scRNA; Series lists 32 records. Article describes 16 people at two time points plus external controls. Cell file not opened.	GSE267750	VERIFIED_PUBLIC	raw_archive_listed	RAW_TAR_LISTED_NOT_OPENED	1	UNRESOLVED		UNRESOLVED		UNRESOLVED		UNRESOLVED	ABC 1		UNRESOLVED			ALL_B_CELLS	SUBTYPE	UNRESOLVED	UNRESOLVED	LONGITUDINAL_DESIGN_AMBIGUITY	MEDIUM	3.5	External control studies were not opened.
PMID40359016_C002	PMID40359016	COHORT_EARLY_MS_GSE267750	COHORT_EARLY_MS_GSE267750__SCRNA	early multiple sclerosis	PBMC B-cell compartment	PB	INCREASED	VERIFIED	Results > Characterization of B cell populations; Fig. 1F	PARTIAL	Series lists 32 records. Article describes 16 people at two time points plus external controls. Cell file not opened.	VERIFIED	scRNA	scRNA; Series lists 32 records. Article describes 16 people at two time points plus external controls. Cell file not opened.	GSE267750	VERIFIED_PUBLIC	raw_archive_listed	RAW_TAR_LISTED_NOT_OPENED	1	UNRESOLVED		UNRESOLVED		UNRESOLVED		UNRESOLVED	PB		UNRESOLVED			ALL_B_CELLS	SUBTYPE	UNRESOLVED	UNRESOLVED	LONGITUDINAL_DESIGN_AMBIGUITY	MEDIUM	3.5	External control studies were not opened.
PMID40359016_C003	PMID40359016	COHORT_EARLY_MS_GSE267750	COHORT_EARLY_MS_GSE267750__SCRNA	early multiple sclerosis	PBMC B-cell compartment	CD5+ B	DECREASED	VERIFIED	Results > Characterization of B cell populations; Fig. 1F	PARTIAL	Series lists 32 records. Article describes 16 people at two time points plus external controls. Cell file not opened.	VERIFIED	scRNA	scRNA; Series lists 32 records. Article describes 16 people at two time points plus external controls. Cell file not opened.	GSE267750	VERIFIED_PUBLIC	raw_archive_listed	RAW_TAR_LISTED_NOT_OPENED	1	UNRESOLVED		UNRESOLVED		UNRESOLVED		UNRESOLVED	CD5+ B		UNRESOLVED			ALL_B_CELLS	SUBTYPE	UNRESOLVED	UNRESOLVED	LONGITUDINAL_DESIGN_AMBIGUITY	MEDIUM	3.5	External control studies were not opened.
PMID41578022_C001	PMID41578022	COHORT_COPD_GSE310058	COHORT_COPD_GSE310058__SNRNA	COPD	lung	aerocytes	DECREASED	VERIFIED	Results > Loss of alveolar gas exchange and increased goblet cells in COPD; Fig. 2	PARTIAL	Article reports 141 participants and 146 lobes. Series has 149 records. Metadata table not opened.	VERIFIED	snRNA	snRNA; Article reports 141 participants and 146 lobes. Series has 149 records. Metadata table not opened.	GSE310058	VERIFIED_PUBLIC	raw_archive_listed	ARCHIVE_LISTED_NOT_OPENED	1	UNRESOLVED		UNRESOLVED		UNRESOLVED		UNRESOLVED	aerocytes		UNRESOLVED			UNKNOWN	SUBTYPE	UNRESOLVED	UNRESOLVED		MEDIUM	3.5	Lobe versus donor reconciliation was not done in an opened table.
PMID41578022_C002	PMID41578022	COHORT_COPD_GSE310058	COHORT_COPD_GSE310058__SNRNA	COPD	lung	lymphatic endothelial cells	INCREASED	VERIFIED	Results > Loss of alveolar gas exchange and increased goblet cells in COPD; Fig. 2a-c	PARTIAL	Article reports 141 participants and 146 lobes. Series has 149 records. Metadata table not opened.	VERIFIED	snRNA	snRNA; Article reports 141 participants and 146 lobes. Series has 149 records. Metadata table not opened.	GSE310058	VERIFIED_PUBLIC	raw_archive_listed	ARCHIVE_LISTED_NOT_OPENED	1	UNRESOLVED		UNRESOLVED		UNRESOLVED		UNRESOLVED	lymphatic endothelial cells		UNRESOLVED			UNKNOWN	SUBTYPE	UNRESOLVED	UNRESOLVED		MEDIUM	3.5	Lobe versus donor reconciliation was not done in an opened table.
PMID41578022_C003	PMID41578022	COHORT_COPD_GSE310058	COHORT_COPD_GSE310058__SNRNA	COPD	lung	AT1 cells	DECREASED	VERIFIED	Results > Loss of alveolar gas exchange and increased goblet cells in COPD; Fig. 2c-e	PARTIAL	Article reports 141 participants and 146 lobes. Series has 149 records. Metadata table not opened.	VERIFIED	snRNA	snRNA; Article reports 141 participants and 146 lobes. Series has 149 records. Metadata table not opened.	GSE310058	VERIFIED_PUBLIC	raw_archive_listed	ARCHIVE_LISTED_NOT_OPENED	1	UNRESOLVED		UNRESOLVED		UNRESOLVED		UNRESOLVED	AT1 cells		UNRESOLVED			UNKNOWN	SUBTYPE	UNRESOLVED	UNRESOLVED		MEDIUM	3.5	Lobe versus donor reconciliation was not done in an opened table.
PMID41578022_C004	PMID41578022	COHORT_COPD_GSE310058	COHORT_COPD_GSE310058__SNRNA	COPD	lung	AT1 cells	DECREASED	VERIFIED	Results > Loss of alveolar gas exchange and increased goblet cells in COPD; Fig. 2c-e	PARTIAL	Article reports 141 participants and 146 lobes. Series has 149 records. Metadata table not opened.	VERIFIED	snRNA	snRNA; Article reports 141 participants and 146 lobes. Series has 149 records. Metadata table not opened.	GSE310058	VERIFIED_PUBLIC	raw_archive_listed	ARCHIVE_LISTED_NOT_OPENED	1	UNRESOLVED		UNRESOLVED		UNRESOLVED		UNRESOLVED	AT1 cells		UNRESOLVED			UNKNOWN	SUBTYPE	UNRESOLVED	UNRESOLVED		MEDIUM	3.5	Lobe versus donor reconciliation was not done in an opened table.
PMID41578022_C005	PMID41578022	COHORT_COPD_GSE310058	COHORT_COPD_GSE310058__SNRNA	COPD	lung	goblet cells	INCREASED	VERIFIED	Results > Loss of alveolar gas exchange and increased goblet cells in COPD; Fig. 2f	PARTIAL	Article reports 141 participants and 146 lobes. Series has 149 records. Metadata table not opened.	VERIFIED	snRNA	snRNA; Article reports 141 participants and 146 lobes. Series has 149 records. Metadata table not opened.	GSE310058	VERIFIED_PUBLIC	raw_archive_listed	ARCHIVE_LISTED_NOT_OPENED	1	UNRESOLVED		UNRESOLVED		UNRESOLVED		UNRESOLVED	goblet cells		UNRESOLVED			UNKNOWN	BROAD_CELL_TYPE	UNRESOLVED	UNRESOLVED		MEDIUM	3.5	Lobe versus donor reconciliation was not done in an opened table.
PMID41937210_C001	PMID41937210	COHORT_CARDIAC_ATLAS	COHORT_CARDIAC_ATLAS__SNRNA	cardiomyopathy	left ventricle	senescent vCMs	INCREASED	VERIFIED	Results > Integration of snRNA-seq profiles; Fig. 1d	PARTIAL	Integrated atlas of prior studies. Constituent donor overlap was not rebuilt.	PARTIAL	snRNA	snRNA; Integrated atlas of prior studies. Constituent donor overlap was not rebuilt.	GSE290367	VERIFIED_PUBLIC	integrated_object_listed	H5AD_LISTED_NOT_OPENED	1	UNRESOLVED		UNRESOLVED		UNRESOLVED		UNRESOLVED	senescent vCMs		UNRESOLVED			UNKNOWN	SUBTYPE	UNRESOLVED	UNRESOLVED	SHARED_COHORT_AMBIGUITY	MEDIUM	3.0	snATAC is a second modality and is not the composition assay.
PMID41937210_C002	PMID41937210	COHORT_CARDIAC_ATLAS	COHORT_CARDIAC_ATLAS__SNRNA	cardiomyopathy	left ventricle	senescent vCMs	INCREASED	VERIFIED	Results > Integration of snRNA-seq profiles; Fig. 1d	PARTIAL	Integrated atlas of prior studies. Constituent donor overlap was not rebuilt.	PARTIAL	snRNA	snRNA; Integrated atlas of prior studies. Constituent donor overlap was not rebuilt.	GSE290367	VERIFIED_PUBLIC	integrated_object_listed	H5AD_LISTED_NOT_OPENED	1	UNRESOLVED		UNRESOLVED		UNRESOLVED		UNRESOLVED	senescent vCMs		UNRESOLVED			UNKNOWN	SUBTYPE	UNRESOLVED	UNRESOLVED	SHARED_COHORT_AMBIGUITY	MEDIUM	3.0	snATAC is a second modality and is not the composition assay.
PMID41937210_C003	PMID41937210	COHORT_CARDIAC_ATLAS	COHORT_CARDIAC_ATLAS__SNRNA	cardiovascular disease	left ventricle	activated fibroblasts	INCREASED	VERIFIED	Results > Integration of snRNA-seq profiles; Fig. 1e	PARTIAL	Integrated atlas of prior studies. Constituent donor overlap was not rebuilt.	PARTIAL	snRNA	snRNA; Integrated atlas of prior studies. Constituent donor overlap was not rebuilt.	GSE290367	VERIFIED_PUBLIC	integrated_object_listed	H5AD_LISTED_NOT_OPENED	1	UNRESOLVED		UNRESOLVED		UNRESOLVED		UNRESOLVED	activated fibroblasts		UNRESOLVED			UNKNOWN	ACTIVATION_STATE	UNRESOLVED	UNRESOLVED	SHARED_COHORT_AMBIGUITY	MEDIUM	3.0	snATAC is a second modality and is not the composition assay.
PMID41937210_C004	PMID41937210	COHORT_CARDIAC_ATLAS	COHORT_CARDIAC_ATLAS__SNRNA	cardiovascular disease	left ventricle	activated fibroblasts	INCREASED	VERIFIED	Results > Integration of snRNA-seq profiles; Fig. 1e	PARTIAL	Integrated atlas of prior studies. Constituent donor overlap was not rebuilt.	PARTIAL	snRNA	snRNA; Integrated atlas of prior studies. Constituent donor overlap was not rebuilt.	GSE290367	VERIFIED_PUBLIC	integrated_object_listed	H5AD_LISTED_NOT_OPENED	1	UNRESOLVED		UNRESOLVED		UNRESOLVED		UNRESOLVED	activated fibroblasts		UNRESOLVED			UNKNOWN	ACTIVATION_STATE	UNRESOLVED	UNRESOLVED	SHARED_COHORT_AMBIGUITY	MEDIUM	3.0	snATAC is a second modality and is not the composition assay.
PMID41937210_C005	PMID41937210	COHORT_CARDIAC_ATLAS	COHORT_CARDIAC_ATLAS__SNRNA	cardiovascular disease	left ventricle	activated fibroblasts	INCREASED	VERIFIED	Results > Integration of snRNA-seq profiles; Fig. 1e	PARTIAL	Integrated atlas of prior studies. Constituent donor overlap was not rebuilt.	PARTIAL	snRNA	snRNA; Integrated atlas of prior studies. Constituent donor overlap was not rebuilt.	GSE290367	VERIFIED_PUBLIC	integrated_object_listed	H5AD_LISTED_NOT_OPENED	1	UNRESOLVED		UNRESOLVED		UNRESOLVED		UNRESOLVED	activated fibroblasts		UNRESOLVED			UNKNOWN	ACTIVATION_STATE	UNRESOLVED	UNRESOLVED	SHARED_COHORT_AMBIGUITY	MEDIUM	3.0	snATAC is a second modality and is not the composition assay.
PMID40744996_C001	PMID40744996	COHORT_SLE_GSE254176	COHORT_SLE_GSE254176__SCRNA	SLE with nephritis	PBMC	plasma cells	INCREASED	VERIFIED	Results; Fig. 2c	PARTIAL	Article: 6 SLE donors and longitudinal samples versus controls. Cell-to-timepoint file not opened.	VERIFIED	scRNA	scRNA; Article: 6 SLE donors and longitudinal samples versus controls. Cell-to-timepoint file not opened.	GSE254176	VERIFIED_PUBLIC	raw_archive_listed	RAW_TAR_LISTED_NOT_OPENED	1	UNRESOLVED		UNRESOLVED		UNRESOLVED		UNRESOLVED	plasma cells		UNRESOLVED			UNKNOWN	BROAD_CELL_TYPE	UNRESOLVED	UNRESOLVED	LONGITUDINAL_DESIGN_AMBIGUITY	MEDIUM	3.5	Sample count is not a donor count.
PMID40744996_C002	PMID40744996	COHORT_SLE_GSE254176	COHORT_SLE_GSE254176__SCRNA	SLE with nephritis	PBMC	plasmablasts	INCREASED	VERIFIED	Results; Fig. 2c	PARTIAL	Article: 6 SLE donors and longitudinal samples versus controls. Cell-to-timepoint file not opened.	VERIFIED	scRNA	scRNA; Article: 6 SLE donors and longitudinal samples versus controls. Cell-to-timepoint file not opened.	GSE254176	VERIFIED_PUBLIC	raw_archive_listed	RAW_TAR_LISTED_NOT_OPENED	1	UNRESOLVED		UNRESOLVED		UNRESOLVED		UNRESOLVED	plasmablasts		UNRESOLVED			UNKNOWN	BROAD_CELL_TYPE	UNRESOLVED	UNRESOLVED	LONGITUDINAL_DESIGN_AMBIGUITY	MEDIUM	3.5	Sample count is not a donor count.
PMID40744996_C003	PMID40744996	COHORT_SLE_GSE254176	COHORT_SLE_GSE254176__SCRNA	SLE with nephritis	PBMC	CD4 T cells	DECREASED	VERIFIED	Results; Fig. 3c	PARTIAL	Article: 6 SLE donors and longitudinal samples versus controls. Cell-to-timepoint file not opened.	VERIFIED	scRNA	scRNA; Article: 6 SLE donors and longitudinal samples versus controls. Cell-to-timepoint file not opened.	GSE254176	VERIFIED_PUBLIC	raw_archive_listed	RAW_TAR_LISTED_NOT_OPENED	1	UNRESOLVED		UNRESOLVED		UNRESOLVED		UNRESOLVED	CD4 T cells		UNRESOLVED			UNKNOWN	SUBTYPE	UNRESOLVED	UNRESOLVED	LONGITUDINAL_DESIGN_AMBIGUITY	MEDIUM	3.5	Sample count is not a donor count.
PMID40744996_C004	PMID40744996	COHORT_SLE_GSE254176	COHORT_SLE_GSE254176__SCRNA	SLE with nephritis	PBMC	CD4 regulatory T cells	INCREASED	VERIFIED	Results; Fig. 3c	PARTIAL	Article: 6 SLE donors and longitudinal samples versus controls. Cell-to-timepoint file not opened.	VERIFIED	scRNA	scRNA; Article: 6 SLE donors and longitudinal samples versus controls. Cell-to-timepoint file not opened.	GSE254176	VERIFIED_PUBLIC	raw_archive_listed	RAW_TAR_LISTED_NOT_OPENED	1	UNRESOLVED		UNRESOLVED		UNRESOLVED		UNRESOLVED	CD4 regulatory T cells		UNRESOLVED			UNKNOWN	SUBTYPE	UNRESOLVED	UNRESOLVED	LONGITUDINAL_DESIGN_AMBIGUITY	MEDIUM	3.5	Sample count is not a donor count.
PMID40744996_C005	PMID40744996	COHORT_SLE_GSE254176	COHORT_SLE_GSE254176__SCRNA	SLE with nephritis	PBMC	CD8 T cells	INCREASED	VERIFIED	Results; Fig. 3c	PARTIAL	Article: 6 SLE donors and longitudinal samples versus controls. Cell-to-timepoint file not opened.	VERIFIED	scRNA	scRNA; Article: 6 SLE donors and longitudinal samples versus controls. Cell-to-timepoint file not opened.	GSE254176	VERIFIED_PUBLIC	raw_archive_listed	RAW_TAR_LISTED_NOT_OPENED	1	UNRESOLVED		UNRESOLVED		UNRESOLVED		UNRESOLVED	CD8 T cells		UNRESOLVED			UNKNOWN	SUBTYPE	UNRESOLVED	UNRESOLVED	LONGITUDINAL_DESIGN_AMBIGUITY	MEDIUM	3.5	Sample count is not a donor count.
PMID40744996_C006	PMID40744996	COHORT_SLE_GSE254176	COHORT_SLE_GSE254176__SCRNA	SLE with nephritis	PBMC	naive CD8 T cells	INCREASED	VERIFIED	Results; Fig. 3c	PARTIAL	Article: 6 SLE donors and longitudinal samples versus controls. Cell-to-timepoint file not opened.	VERIFIED	scRNA	scRNA; Article: 6 SLE donors and longitudinal samples versus controls. Cell-to-timepoint file not opened.	GSE254176	VERIFIED_PUBLIC	raw_archive_listed	RAW_TAR_LISTED_NOT_OPENED	1	UNRESOLVED		UNRESOLVED		UNRESOLVED		UNRESOLVED	naive CD8 T cells		UNRESOLVED			UNKNOWN	ACTIVATION_STATE	UNRESOLVED	UNRESOLVED	LONGITUDINAL_DESIGN_AMBIGUITY	MEDIUM	3.5	Sample count is not a donor count.
PMID40744996_C007	PMID40744996	COHORT_SLE_GSE254176	COHORT_SLE_GSE254176__SCRNA	SLE with nephritis	PBMC	effector memory CD8 T (Tem) cells	INCREASED	VERIFIED	Results; Fig. 3c	PARTIAL	Article: 6 SLE donors and longitudinal samples versus controls. Cell-to-timepoint file not opened.	VERIFIED	scRNA	scRNA; Article: 6 SLE donors and longitudinal samples versus controls. Cell-to-timepoint file not opened.	GSE254176	VERIFIED_PUBLIC	raw_archive_listed	RAW_TAR_LISTED_NOT_OPENED	1	UNRESOLVED		UNRESOLVED		UNRESOLVED		UNRESOLVED	effector memory CD8 T (Tem) cells		UNRESOLVED			UNKNOWN	ACTIVATION_STATE	UNRESOLVED	UNRESOLVED	LONGITUDINAL_DESIGN_AMBIGUITY	MEDIUM	3.5	Sample count is not a donor count.
PMID35662411_C001	PMID35662411	COHORT_PREG_SARSCOV2	COHORT_PREG_SARSCOV2__CD3_5P	SARS-CoV-2 infection in pregnancy	decidua T-cell compartment	naive T cells	DECREASED	VERIFIED	Results; Fig. 4D and S5C	PARTIAL	Decidual T-cell claims are tied to a CD3-sorted 5-prime assay. Other assays in the paper use different cohort sizes.	PARTIAL	scRNA	scRNA; Decidual T-cell claims are tied to a CD3-sorted 5-prime assay. Other assays in the paper use different cohort sizes.	PRJNA817521	VERIFIED_PUBLIC	bioproject_named	MATRICES_NOT_OPENED	1	UNRESOLVED		UNRESOLVED		UNRESOLVED		UNRESOLVED	naive T cells		UNRESOLVED			ALL_T_CELLS	ACTIVATION_STATE	UNRESOLVED	UNRESOLVED	ASSAY_SCOPE_MISMATCH	MEDIUM	3.0	Assay-to-claim mapping is not closed from an opened object.
PMID35662411_C002	PMID35662411	COHORT_PREG_SARSCOV2	COHORT_PREG_SARSCOV2__CD3_5P	SARS-CoV-2 infection in pregnancy	decidua T-cell compartment	Treg	DECREASED	VERIFIED	Results; Fig. 4D and S5C	PARTIAL	Decidual T-cell claims are tied to a CD3-sorted 5-prime assay. Other assays in the paper use different cohort sizes.	PARTIAL	scRNA	scRNA; Decidual T-cell claims are tied to a CD3-sorted 5-prime assay. Other assays in the paper use different cohort sizes.	PRJNA817521	VERIFIED_PUBLIC	bioproject_named	MATRICES_NOT_OPENED	1	UNRESOLVED		UNRESOLVED		UNRESOLVED		UNRESOLVED	Treg		UNRESOLVED			ALL_T_CELLS	SUBTYPE	UNRESOLVED	UNRESOLVED	ASSAY_SCOPE_MISMATCH	MEDIUM	3.0	Assay-to-claim mapping is not closed from an opened object.
PMID35662411_C003	PMID35662411	COHORT_PREG_SARSCOV2	COHORT_PREG_SARSCOV2__CD3_5P	SARS-CoV-2 infection in pregnancy	decidua T-cell compartment	CD69+ memory subsets	INCREASED	VERIFIED	Results; Fig. S5C and S5D	PARTIAL	Decidual T-cell claims are tied to a CD3-sorted 5-prime assay. Other assays in the paper use different cohort sizes.	PARTIAL	scRNA	scRNA; Decidual T-cell claims are tied to a CD3-sorted 5-prime assay. Other assays in the paper use different cohort sizes.	PRJNA817521	VERIFIED_PUBLIC	bioproject_named	MATRICES_NOT_OPENED	1	UNRESOLVED		UNRESOLVED		UNRESOLVED		UNRESOLVED	CD69+ memory subsets		UNRESOLVED			ALL_T_CELLS	SUBTYPE	UNRESOLVED	UNRESOLVED	ASSAY_SCOPE_MISMATCH	MEDIUM	3.0	Assay-to-claim mapping is not closed from an opened object.
PMID35662411_C004	PMID35662411	COHORT_PREG_SARSCOV2	COHORT_PREG_SARSCOV2__CD3_5P	SARS-CoV-2 infection in pregnancy	decidua T-cell compartment	activated CD4+CD69+HLA-DRA+	INCREASED	VERIFIED	Results; Fig. 4D	PARTIAL	Decidual T-cell claims are tied to a CD3-sorted 5-prime assay. Other assays in the paper use different cohort sizes.	PARTIAL	scRNA	scRNA; Decidual T-cell claims are tied to a CD3-sorted 5-prime assay. Other assays in the paper use different cohort sizes.	PRJNA817521	VERIFIED_PUBLIC	bioproject_named	MATRICES_NOT_OPENED	1	UNRESOLVED		UNRESOLVED		UNRESOLVED		UNRESOLVED	activated CD4+CD69+HLA-DRA+		UNRESOLVED			ALL_T_CELLS	SUBTYPE	UNRESOLVED	UNRESOLVED	ASSAY_SCOPE_MISMATCH	MEDIUM	3.0	Assay-to-claim mapping is not closed from an opened object.
PMID36848564_C001	PMID36848564	COHORT_COVID_LUNG	COHORT_COVID_LUNG__SCRNA	COVID lung fibrosis	lung	neutrophils (cluster 4)	INCREASED	VERIFIED	Results; Fig. 1D	PARTIAL	Five COVID lungs versus pooled control lungs from four source studies.	PARTIAL	scRNA	scRNA; Five COVID lungs versus pooled control lungs from four source studies.	GSE149878;GSE122960;GSE163919;GSE158127	VERIFIED_PUBLIC	reused_source_series	NOT_OPENED	1	UNRESOLVED		UNRESOLVED		UNRESOLVED		UNRESOLVED	neutrophils (cluster 4)		UNRESOLVED			UNKNOWN	CLUSTER_DERIVED_STATE	UNRESOLVED	UNRESOLVED	SHARED_COHORT_AMBIGUITY	MEDIUM	3.0	Joint barcode and cluster-4 label were not opened.
PMID31506348_C001	PMID31506348	COHORT_DN_GSE131882	COHORT_DN_GSE131882__SNRNA	early diabetic nephropathy	kidney cortex	leukocytes	INCREASED	VERIFIED	Results; Fig. 1C-D	VERIFIED	Six GEO samples, three diabetic and three control, opened as count matrices.	VERIFIED	snRNA	snRNA; Six GEO samples, three diabetic and three control, opened as count matrices.	GSE131882	VERIFIED_PUBLIC	raw_counts	RAW_COUNTS_OPENED_NO_LABEL_TABLE	4	VERIFIED	One file per sample. Sample membership is the donor key. Barcodes are not globally unique.	VERIFIED	GEO disease state diabetic versus control.	UNRESOLVED		UNRESOLVED	leukocytes		UNRESOLVED			UNKNOWN	BROAD_CELL_TYPE	PARTIALLY_REUSABLE	UNRESOLVED	AUTHOR_LABEL_MISSING	HIGH	6.0	Author labels are absent from the opened RDS objects. The lab browser was not fetched, so absence from every public copy is not confirmed.
PMID34019156_C001	PMID34019156	COHORT_CTE_GSE155114	COHORT_CTE_GSE155114__SNRNA	chronic traumatic encephalopathy	dorsolateral frontal white matter	OLs	DECREASED	VERIFIED	Results > Molecular profiling points to fewer OLs in CTE white matter; Fig. 2b	VERIFIED	README: 16 donors, 8 CTE and 8 controls, multiple libraries per donor.	VERIFIED	snRNA	snRNA; README: 16 donors, 8 CTE and 8 controls, multiple libraries per donor.	GSE155114	VERIFIED_PUBLIC	readme_and_count_archive	README_OPENED_RAW_NOT_OPENED	2	PARTIAL	README names the 16-donor design. A barcode-to-donor table was not opened.	PARTIAL	README assigns samples to CTE or control. Cell-level condition was not checked.	UNRESOLVED		UNRESOLVED	OLs		UNRESOLVED			UNKNOWN	SUBTYPE	PARTIALLY_REUSABLE	UNRESOLVED	DONOR_MAP_MISSING|AUTHOR_LABEL_MISSING	MEDIUM	5.0	Count matrices are described. Author oligodendrocyte and astrocyte names were not in the README.
PMID34019156_C002	PMID34019156	COHORT_CTE_GSE155114	COHORT_CTE_GSE155114__SNRNA	chronic traumatic encephalopathy	dorsolateral frontal white matter	OL6	INCREASED	VERIFIED	Results; Fig. 3b	VERIFIED	README: 16 donors, 8 CTE and 8 controls, multiple libraries per donor.	VERIFIED	snRNA	snRNA; README: 16 donors, 8 CTE and 8 controls, multiple libraries per donor.	GSE155114	VERIFIED_PUBLIC	readme_and_count_archive	README_OPENED_RAW_NOT_OPENED	2	PARTIAL	README names the 16-donor design. A barcode-to-donor table was not opened.	PARTIAL	README assigns samples to CTE or control. Cell-level condition was not checked.	UNRESOLVED		UNRESOLVED	OL6		UNRESOLVED			UNKNOWN	SUBTYPE	PARTIALLY_REUSABLE	UNRESOLVED	DONOR_MAP_MISSING|AUTHOR_LABEL_MISSING	MEDIUM	5.0	Count matrices are described. Author oligodendrocyte and astrocyte names were not in the README.
PMID34019156_C003	PMID34019156	COHORT_CTE_GSE155114	COHORT_CTE_GSE155114__SNRNA	chronic traumatic encephalopathy	dorsolateral frontal white matter	OL7	INCREASED	VERIFIED	Results; Fig. 3b	VERIFIED	README: 16 donors, 8 CTE and 8 controls, multiple libraries per donor.	VERIFIED	snRNA	snRNA; README: 16 donors, 8 CTE and 8 controls, multiple libraries per donor.	GSE155114	VERIFIED_PUBLIC	readme_and_count_archive	README_OPENED_RAW_NOT_OPENED	2	PARTIAL	README names the 16-donor design. A barcode-to-donor table was not opened.	PARTIAL	README assigns samples to CTE or control. Cell-level condition was not checked.	UNRESOLVED		UNRESOLVED	OL7		UNRESOLVED			UNKNOWN	SUBTYPE	PARTIALLY_REUSABLE	UNRESOLVED	DONOR_MAP_MISSING|AUTHOR_LABEL_MISSING	MEDIUM	5.0	Count matrices are described. Author oligodendrocyte and astrocyte names were not in the README.
PMID34019156_C004	PMID34019156	COHORT_CTE_GSE155114	COHORT_CTE_GSE155114__SNRNA	chronic traumatic encephalopathy	dorsolateral frontal white matter	OL8	INCREASED	VERIFIED	Results; Fig. 3b	VERIFIED	README: 16 donors, 8 CTE and 8 controls, multiple libraries per donor.	VERIFIED	snRNA	snRNA; README: 16 donors, 8 CTE and 8 controls, multiple libraries per donor.	GSE155114	VERIFIED_PUBLIC	readme_and_count_archive	README_OPENED_RAW_NOT_OPENED	2	PARTIAL	README names the 16-donor design. A barcode-to-donor table was not opened.	PARTIAL	README assigns samples to CTE or control. Cell-level condition was not checked.	UNRESOLVED		UNRESOLVED	OL8		UNRESOLVED			UNKNOWN	SUBTYPE	PARTIALLY_REUSABLE	UNRESOLVED	DONOR_MAP_MISSING|AUTHOR_LABEL_MISSING	MEDIUM	5.0	Count matrices are described. Author oligodendrocyte and astrocyte names were not in the README.
PMID34019156_C005	PMID34019156	COHORT_CTE_GSE155114	COHORT_CTE_GSE155114__SNRNA	chronic traumatic encephalopathy	dorsolateral frontal white matter	Astrocyte1	DECREASED	VERIFIED	Results; Fig. 4b	VERIFIED	README: 16 donors, 8 CTE and 8 controls, multiple libraries per donor.	VERIFIED	snRNA	snRNA; README: 16 donors, 8 CTE and 8 controls, multiple libraries per donor.	GSE155114	VERIFIED_PUBLIC	readme_and_count_archive	README_OPENED_RAW_NOT_OPENED	2	PARTIAL	README names the 16-donor design. A barcode-to-donor table was not opened.	PARTIAL	README assigns samples to CTE or control. Cell-level condition was not checked.	UNRESOLVED		UNRESOLVED	Astrocyte1		UNRESOLVED			UNKNOWN	SUBTYPE	PARTIALLY_REUSABLE	UNRESOLVED	DONOR_MAP_MISSING|AUTHOR_LABEL_MISSING	MEDIUM	5.0	Count matrices are described. Author oligodendrocyte and astrocyte names were not in the README.
PMID34019156_C006	PMID34019156	COHORT_CTE_GSE155114	COHORT_CTE_GSE155114__SNRNA	chronic traumatic encephalopathy	dorsolateral frontal white matter	Astrocyte2	INCREASED	VERIFIED	Results; Fig. 4b	VERIFIED	README: 16 donors, 8 CTE and 8 controls, multiple libraries per donor.	VERIFIED	snRNA	snRNA; README: 16 donors, 8 CTE and 8 controls, multiple libraries per donor.	GSE155114	VERIFIED_PUBLIC	readme_and_count_archive	README_OPENED_RAW_NOT_OPENED	2	PARTIAL	README names the 16-donor design. A barcode-to-donor table was not opened.	PARTIAL	README assigns samples to CTE or control. Cell-level condition was not checked.	UNRESOLVED		UNRESOLVED	Astrocyte2		UNRESOLVED			UNKNOWN	SUBTYPE	PARTIALLY_REUSABLE	UNRESOLVED	DONOR_MAP_MISSING|AUTHOR_LABEL_MISSING	MEDIUM	5.0	Count matrices are described. Author oligodendrocyte and astrocyte names were not in the README.
PMID34019156_C007	PMID34019156	COHORT_CTE_GSE155114	COHORT_CTE_GSE155114__SNRNA	chronic traumatic encephalopathy	dorsolateral frontal white matter	Astrocyte3	INCREASED	VERIFIED	Results; Fig. 4b	VERIFIED	README: 16 donors, 8 CTE and 8 controls, multiple libraries per donor.	VERIFIED	snRNA	snRNA; README: 16 donors, 8 CTE and 8 controls, multiple libraries per donor.	GSE155114	VERIFIED_PUBLIC	readme_and_count_archive	README_OPENED_RAW_NOT_OPENED	2	PARTIAL	README names the 16-donor design. A barcode-to-donor table was not opened.	PARTIAL	README assigns samples to CTE or control. Cell-level condition was not checked.	UNRESOLVED		UNRESOLVED	Astrocyte3		UNRESOLVED			UNKNOWN	SUBTYPE	PARTIALLY_REUSABLE	UNRESOLVED	DONOR_MAP_MISSING|AUTHOR_LABEL_MISSING	MEDIUM	5.0	Count matrices are described. Author oligodendrocyte and astrocyte names were not in the README.
PMID35549656_C001	PMID35549656	COHORT_COPD_PBEC_ALI	COHORT_COPD_PBEC_ALI__SCRNA	COPD	cultured bronchial epithelium	club/goblet cells	INCREASED	VERIFIED	Results, baseline control pBEC comparison; Fig. 1D/E	VERIFIED	Article: 4 COPD and 3 healthy cultured bronchial epithelium donors.	VERIFIED	scRNA	scRNA; Article: 4 COPD and 3 healthy cultured bronchial epithelium donors.	NONE_LOCATED	UNRESOLVED	bulk_geo_only	NOT_OPENED	0	UNRESOLVED		UNRESOLVED		UNRESOLVED		UNRESOLVED	club/goblet cells		UNRESOLVED			UNKNOWN	BROAD_CELL_TYPE	UNRESOLVED	UNRESOLVED		MEDIUM	3.0	Named GEO accessions in the text are bulk validation, not the scRNA object.
PMID41629974_C001	PMID41629974	COHORT_NMOSD_NK	COHORT_NMOSD_NK__SCRNA	NMOSD	PBMC	NK cells	DECREASED	VERIFIED	Results, 'Single-cell RNA sequencing reveals altered immune landscapes...'; Fig. 3e	VERIFIED	Figure 3e: NK proportion, healthy controls versus acute NMOSD PBMC.	VERIFIED	scRNA	scRNA; Figure 3e: NK proportion, healthy controls versus acute NMOSD PBMC.	NONE_PUBLIC	VERIFIED_NOT_PUBLIC	none	CONFIRMED_NOT_PUBLIC	0	CONFIRMED_MISSING		CONFIRMED_MISSING		CONFIRMED_NOT_AVAILABLE		CONFIRMED_NOT_AVAILABLE	NK cells		CONFIRMED_NOT_AVAILABLE			UNKNOWN	BROAD_CELL_TYPE	NOT_REUSABLE	NO_PUBLIC_DATA		HIGH	3.0	Data availability: not publicly available because of patient privacy. Flow cytometry is a separate modality.
PMID32511460_C001	PMID32511460	COHORT_HF_ACE2	COHORT_HF_ACE2__SCRNA	heart failure	heart	ACE2+ CM1	INCREASED	VERIFIED	Results, 'Both CMs and NCMs Have Different ACE2 Expression Pattern After HF'; Fig. 3B	PARTIAL	Article reports ACE2-positive frequencies within cardiomyocyte subsets. Primary accession not verified.	PARTIAL	scRNA	scRNA; Article reports ACE2-positive frequencies within cardiomyocyte subsets. Primary accession not verified.	UNRESOLVED	UNRESOLVED	unknown	NOT_SEARCHED_BEYOND_STOP	0	UNRESOLVED		UNRESOLVED		UNRESOLVED		UNRESOLVED	ACE2+ CM1		UNRESOLVED			UNKNOWN	SUBTYPE	UNRESOLVED	UNRESOLVED		LOW	2.0	Search stopped after the project full text and the unresolved accession record.
PMID38187779_C001	PMID38187779	COHORT_MS_ROSMAP_NONLESIONAL	COHORT_MS_ROSMAP__SNRNA	multiple sclerosis	DLPFC	GABA_6_CCK_LAMP5	DECREASED	VERIFIED	Results, 'A GABAergic neuronal subtype is depleted in demyelination'; Fig. 2B/Table S3	PARTIAL	Non-lesional DLPFC, MS or demyelination versus matched non-MS. ROSMAP reuse.	VERIFIED	snRNA	snRNA; Non-lesional DLPFC, MS or demyelination versus matched non-MS. ROSMAP reuse.	UNRESOLVED	UNRESOLVED	controlled_access_possible	NOT_OPENED	0	UNRESOLVED		UNRESOLVED		UNRESOLVED		UNRESOLVED	GABA_6_CCK_LAMP5		UNRESOLVED			UNKNOWN	SUBTYPE	UNRESOLVED	UNRESOLVED	SHARED_COHORT_AMBIGUITY	LOW	2.5	Controlled-access donor files were not requested.
PMID42292441_C001	PMID42292441	COHORT_SSC_ILD	COHORT_SSC_ILD__SCRNA	systemic sclerosis ILD	lung lower lobe	TREM2 macrophages	INCREASED	VERIFIED	Results/Fig. 1D	PARTIAL	Reanalysis of public lung datasets GSE128169 and GSE159354. Matrices not opened.	PARTIAL	scRNA	scRNA; Reanalysis of public lung datasets GSE128169 and GSE159354. Matrices not opened.	GSE128169;GSE159354	VERIFIED_PUBLIC	reused_source_series	NOT_OPENED	1	UNRESOLVED		UNRESOLVED		UNRESOLVED		UNRESOLVED	TREM2 macrophages		UNRESOLVED			UNKNOWN	SUBTYPE	UNRESOLVED	UNRESOLVED	SHARED_COHORT_AMBIGUITY	MEDIUM	3.0	Which object carries the TREM2 macrophage label was not opened.
PMID42433374_C001	PMID42433374	COHORT_T1D_ISLET	COHORT_T1D_ISLET__MIXED	type 1 diabetes	islet	myeloid cells	INCREASED	VERIFIED	Results 2.1	PARTIAL	Named accessions mix bulk and single-cell islet cohorts.	PARTIAL	other	other; Named accessions mix bulk and single-cell islet cohorts.	GSE181674;GSE50244;GSE162689	PARTIAL_PUBLIC	mixed_bulk_and_single_cell	NOT_OPENED	1	UNRESOLVED		UNRESOLVED		UNRESOLVED		UNRESOLVED	myeloid cells		UNRESOLVED			UNKNOWN	BROAD_CELL_TYPE	UNRESOLVED	UNRESOLVED	ASSAY_SCOPE_MISMATCH	MEDIUM	2.5	The myeloid claim was not tied to one opened single-cell object.
