claim_id	paper_id	cohort_id	reusability_class	frozen_primary_failure_node	first_unclosed_node	stop_label	node_status
PMID40879186_C001	PMID40879186	COHORT_MS_ANTI_CD20	NOT_REUSABLE	NO_PUBLIC_DATA	PUBLIC_SOURCE	CONFIRMED_BREAK_AT_PUBLIC_SOURCE	VERIFIED_NOT_PUBLIC
PMID40879186_C002	PMID40879186	COHORT_MS_ANTI_CD20	NOT_REUSABLE	NO_PUBLIC_DATA	PUBLIC_SOURCE	CONFIRMED_BREAK_AT_PUBLIC_SOURCE	VERIFIED_NOT_PUBLIC
PMID32754283_C001	PMID32754283	COHORT_CKTR	UNRESOLVED	UNRESOLVED	PUBLIC_SOURCE	PARTIAL_AT_PUBLIC_SOURCE	PARTIAL_PUBLIC
PMID32754283_C002	PMID32754283	COHORT_CKTR	UNRESOLVED	UNRESOLVED	PUBLIC_SOURCE	PARTIAL_AT_PUBLIC_SOURCE	PARTIAL_PUBLIC
PMID41699549_C001	PMID41699549	COHORT_HCC_GSE245906	NOT_REUSABLE	ASSAY_SCOPE_MISMATCH	AUTHOR_LABEL	CONFIRMED_BREAK_AT_AUTHOR_LABEL	CONFIRMED_NOT_AVAILABLE
PMID41699549_C002	PMID41699549	COHORT_HCC_GSE245906	PARTIALLY_REUSABLE	UNRESOLVED	AUTHOR_LABEL	UNRESOLVED_AT_AUTHOR_LABEL	UNRESOLVED
PMID41699549_C003	PMID41699549	COHORT_HCC_GSE245906	NOT_REUSABLE	ASSAY_SCOPE_MISMATCH	AUTHOR_LABEL	CONFIRMED_BREAK_AT_AUTHOR_LABEL	CONFIRMED_NOT_AVAILABLE
PMID32661339_C001	PMID32661339	COHORT_IPF_GSE135893	PARTIALLY_REUSABLE	DENOMINATOR_MISSING	DENOMINATOR	NEAR_MATCH_AT_DENOMINATOR	NEAR_MATCH_UNEXPLAINED
PMID37312900_C001	PMID37312900	COHORT_DN_GSE131882	PARTIALLY_REUSABLE	UNRESOLVED	AUTHOR_LABEL	PARTIAL_AT_AUTHOR_LABEL	REFERENCE_MAPPING_REQUIRED
PMID37312900_C002	PMID37312900	COHORT_DN_GSE131882	PARTIALLY_REUSABLE	UNRESOLVED	AUTHOR_LABEL	PARTIAL_AT_AUTHOR_LABEL	REFERENCE_MAPPING_REQUIRED
PMID37312900_C003	PMID37312900	COHORT_DN_GSE131882	PARTIALLY_REUSABLE	UNRESOLVED	AUTHOR_LABEL	PARTIAL_AT_AUTHOR_LABEL	REFERENCE_MAPPING_REQUIRED
PMID40359016_C001	PMID40359016	COHORT_EARLY_MS_GSE267750	UNRESOLVED	UNRESOLVED	COHORT	PARTIAL_AT_COHORT	PARTIAL
PMID40359016_C002	PMID40359016	COHORT_EARLY_MS_GSE267750	UNRESOLVED	UNRESOLVED	COHORT	PARTIAL_AT_COHORT	PARTIAL
PMID40359016_C003	PMID40359016	COHORT_EARLY_MS_GSE267750	UNRESOLVED	UNRESOLVED	COHORT	PARTIAL_AT_COHORT	PARTIAL
PMID41578022_C001	PMID41578022	COHORT_COPD_GSE310058	UNRESOLVED	UNRESOLVED	COHORT	PARTIAL_AT_COHORT	PARTIAL
PMID41578022_C002	PMID41578022	COHORT_COPD_GSE310058	UNRESOLVED	UNRESOLVED	COHORT	PARTIAL_AT_COHORT	PARTIAL
PMID41578022_C003	PMID41578022	COHORT_COPD_GSE310058	UNRESOLVED	UNRESOLVED	COHORT	PARTIAL_AT_COHORT	PARTIAL
PMID41578022_C004	PMID41578022	COHORT_COPD_GSE310058	UNRESOLVED	UNRESOLVED	COHORT	PARTIAL_AT_COHORT	PARTIAL
PMID41578022_C005	PMID41578022	COHORT_COPD_GSE310058	UNRESOLVED	UNRESOLVED	COHORT	PARTIAL_AT_COHORT	PARTIAL
PMID41937210_C001	PMID41937210	COHORT_CARDIAC_ATLAS	UNRESOLVED	UNRESOLVED	COHORT	PARTIAL_AT_COHORT	PARTIAL
PMID41937210_C002	PMID41937210	COHORT_CARDIAC_ATLAS	UNRESOLVED	UNRESOLVED	COHORT	PARTIAL_AT_COHORT	PARTIAL
PMID41937210_C003	PMID41937210	COHORT_CARDIAC_ATLAS	UNRESOLVED	UNRESOLVED	COHORT	PARTIAL_AT_COHORT	PARTIAL
PMID41937210_C004	PMID41937210	COHORT_CARDIAC_ATLAS	UNRESOLVED	UNRESOLVED	COHORT	PARTIAL_AT_COHORT	PARTIAL
PMID41937210_C005	PMID41937210	COHORT_CARDIAC_ATLAS	UNRESOLVED	UNRESOLVED	COHORT	PARTIAL_AT_COHORT	PARTIAL
PMID40744996_C001	PMID40744996	COHORT_SLE_GSE254176	UNRESOLVED	UNRESOLVED	COHORT	PARTIAL_AT_COHORT	PARTIAL
PMID40744996_C002	PMID40744996	COHORT_SLE_GSE254176	UNRESOLVED	UNRESOLVED	COHORT	PARTIAL_AT_COHORT	PARTIAL
PMID40744996_C003	PMID40744996	COHORT_SLE_GSE254176	UNRESOLVED	UNRESOLVED	COHORT	PARTIAL_AT_COHORT	PARTIAL
PMID40744996_C004	PMID40744996	COHORT_SLE_GSE254176	UNRESOLVED	UNRESOLVED	COHORT	PARTIAL_AT_COHORT	PARTIAL
PMID40744996_C005	PMID40744996	COHORT_SLE_GSE254176	UNRESOLVED	UNRESOLVED	COHORT	PARTIAL_AT_COHORT	PARTIAL
PMID40744996_C006	PMID40744996	COHORT_SLE_GSE254176	UNRESOLVED	UNRESOLVED	COHORT	PARTIAL_AT_COHORT	PARTIAL
PMID40744996_C007	PMID40744996	COHORT_SLE_GSE254176	UNRESOLVED	UNRESOLVED	COHORT	PARTIAL_AT_COHORT	PARTIAL
PMID35662411_C001	PMID35662411	COHORT_PREG_SARSCOV2	UNRESOLVED	UNRESOLVED	COHORT	PARTIAL_AT_COHORT	PARTIAL
PMID35662411_C002	PMID35662411	COHORT_PREG_SARSCOV2	UNRESOLVED	UNRESOLVED	COHORT	PARTIAL_AT_COHORT	PARTIAL
PMID35662411_C003	PMID35662411	COHORT_PREG_SARSCOV2	UNRESOLVED	UNRESOLVED	COHORT	PARTIAL_AT_COHORT	PARTIAL
PMID35662411_C004	PMID35662411	COHORT_PREG_SARSCOV2	UNRESOLVED	UNRESOLVED	COHORT	PARTIAL_AT_COHORT	PARTIAL
PMID36848564_C001	PMID36848564	COHORT_COVID_LUNG	UNRESOLVED	UNRESOLVED	COHORT	PARTIAL_AT_COHORT	PARTIAL
PMID31506348_C001	PMID31506348	COHORT_DN_GSE131882	PARTIALLY_REUSABLE	UNRESOLVED	AUTHOR_LABEL	UNRESOLVED_AT_AUTHOR_LABEL	UNRESOLVED
PMID34019156_C001	PMID34019156	COHORT_CTE_GSE155114	PARTIALLY_REUSABLE	UNRESOLVED	DONOR	PARTIAL_AT_DONOR	PARTIAL
PMID34019156_C002	PMID34019156	COHORT_CTE_GSE155114	PARTIALLY_REUSABLE	UNRESOLVED	DONOR	PARTIAL_AT_DONOR	PARTIAL
PMID34019156_C003	PMID34019156	COHORT_CTE_GSE155114	PARTIALLY_REUSABLE	UNRESOLVED	DONOR	PARTIAL_AT_DONOR	PARTIAL
PMID34019156_C004	PMID34019156	COHORT_CTE_GSE155114	PARTIALLY_REUSABLE	UNRESOLVED	DONOR	PARTIAL_AT_DONOR	PARTIAL
PMID34019156_C005	PMID34019156	COHORT_CTE_GSE155114	PARTIALLY_REUSABLE	UNRESOLVED	DONOR	PARTIAL_AT_DONOR	PARTIAL
PMID34019156_C006	PMID34019156	COHORT_CTE_GSE155114	PARTIALLY_REUSABLE	UNRESOLVED	DONOR	PARTIAL_AT_DONOR	PARTIAL
PMID34019156_C007	PMID34019156	COHORT_CTE_GSE155114	PARTIALLY_REUSABLE	UNRESOLVED	DONOR	PARTIAL_AT_DONOR	PARTIAL
PMID35549656_C001	PMID35549656	COHORT_COPD_PBEC_ALI	UNRESOLVED	UNRESOLVED	PUBLIC_SOURCE	UNRESOLVED_AT_PUBLIC_SOURCE	UNRESOLVED
PMID41629974_C001	PMID41629974	COHORT_NMOSD_NK	NOT_REUSABLE	NO_PUBLIC_DATA	PUBLIC_SOURCE	CONFIRMED_BREAK_AT_PUBLIC_SOURCE	VERIFIED_NOT_PUBLIC
PMID32511460_C001	PMID32511460	COHORT_HF_ACE2	UNRESOLVED	UNRESOLVED	PUBLIC_SOURCE	UNRESOLVED_AT_PUBLIC_SOURCE	UNRESOLVED
PMID38187779_C001	PMID38187779	COHORT_MS_ROSMAP_NONLESIONAL	UNRESOLVED	UNRESOLVED	PUBLIC_SOURCE	UNRESOLVED_AT_PUBLIC_SOURCE	UNRESOLVED
PMID42292441_C001	PMID42292441	COHORT_SSC_ILD	UNRESOLVED	UNRESOLVED	COHORT	PARTIAL_AT_COHORT	PARTIAL
PMID42433374_C001	PMID42433374	COHORT_T1D_ISLET	UNRESOLVED	UNRESOLVED	PUBLIC_SOURCE	PARTIAL_AT_PUBLIC_SOURCE	PARTIAL_PUBLIC
