claim_id	claim_granularity	claim_granularity_basis	denominator_taxonomy	denominator_taxonomy_basis
PMID40879186_C001	SUBTYPE	RULE_DERIVED	UNKNOWN	HEURISTIC_DESCRIPTIVE
PMID40879186_C002	BROAD_CELL_TYPE	RULE_DERIVED	UNKNOWN	HEURISTIC_DESCRIPTIVE
PMID32754283_C001	CLUSTER_DERIVED_STATE	RULE_DERIVED	UNKNOWN	HEURISTIC_DESCRIPTIVE
PMID32754283_C002	CLUSTER_DERIVED_STATE	RULE_DERIVED	UNKNOWN	HEURISTIC_DESCRIPTIVE
PMID41699549_C001	ACTIVATION_STATE	RULE_DERIVED	UNKNOWN	HEURISTIC_DESCRIPTIVE
PMID41699549_C002	DISEASE_STATE	RULE_DERIVED	UNKNOWN	HEURISTIC_DESCRIPTIVE
PMID41699549_C003	BROAD_CELL_TYPE	RULE_DERIVED	UNKNOWN	HEURISTIC_DESCRIPTIVE
PMID32661339_C001	TRANSITIONAL_STATE	RULE_DERIVED	CUSTOM_SUBSET	HEURISTIC_DESCRIPTIVE
PMID37312900_C001	SUBTYPE	RULE_DERIVED	UNKNOWN	HEURISTIC_DESCRIPTIVE
PMID37312900_C002	BROAD_CELL_TYPE	RULE_DERIVED	UNKNOWN	HEURISTIC_DESCRIPTIVE
PMID37312900_C003	SUBTYPE	RULE_DERIVED	UNKNOWN	HEURISTIC_DESCRIPTIVE
PMID40359016_C001	SUBTYPE	RULE_DERIVED	ALL_B_CELLS	SOURCE_VERIFIED
PMID40359016_C002	SUBTYPE	RULE_DERIVED	ALL_B_CELLS	SOURCE_VERIFIED
PMID40359016_C003	SUBTYPE	RULE_DERIVED	ALL_B_CELLS	SOURCE_VERIFIED
PMID41578022_C001	SUBTYPE	RULE_DERIVED	UNKNOWN	HEURISTIC_DESCRIPTIVE
PMID41578022_C002	SUBTYPE	RULE_DERIVED	UNKNOWN	HEURISTIC_DESCRIPTIVE
PMID41578022_C003	SUBTYPE	RULE_DERIVED	UNKNOWN	HEURISTIC_DESCRIPTIVE
PMID41578022_C004	SUBTYPE	RULE_DERIVED	UNKNOWN	HEURISTIC_DESCRIPTIVE
PMID41578022_C005	BROAD_CELL_TYPE	RULE_DERIVED	UNKNOWN	HEURISTIC_DESCRIPTIVE
PMID41937210_C001	SUBTYPE	RULE_DERIVED	UNKNOWN	HEURISTIC_DESCRIPTIVE
PMID41937210_C002	SUBTYPE	RULE_DERIVED	UNKNOWN	HEURISTIC_DESCRIPTIVE
PMID41937210_C003	ACTIVATION_STATE	RULE_DERIVED	UNKNOWN	HEURISTIC_DESCRIPTIVE
PMID41937210_C004	ACTIVATION_STATE	RULE_DERIVED	UNKNOWN	HEURISTIC_DESCRIPTIVE
PMID41937210_C005	ACTIVATION_STATE	RULE_DERIVED	UNKNOWN	HEURISTIC_DESCRIPTIVE
PMID40744996_C001	BROAD_CELL_TYPE	RULE_DERIVED	UNKNOWN	HEURISTIC_DESCRIPTIVE
PMID40744996_C002	BROAD_CELL_TYPE	RULE_DERIVED	UNKNOWN	HEURISTIC_DESCRIPTIVE
PMID40744996_C003	SUBTYPE	RULE_DERIVED	UNKNOWN	HEURISTIC_DESCRIPTIVE
PMID40744996_C004	SUBTYPE	RULE_DERIVED	UNKNOWN	HEURISTIC_DESCRIPTIVE
PMID40744996_C005	SUBTYPE	RULE_DERIVED	UNKNOWN	HEURISTIC_DESCRIPTIVE
PMID40744996_C006	ACTIVATION_STATE	RULE_DERIVED	UNKNOWN	HEURISTIC_DESCRIPTIVE
PMID40744996_C007	ACTIVATION_STATE	RULE_DERIVED	UNKNOWN	HEURISTIC_DESCRIPTIVE
PMID35662411_C001	ACTIVATION_STATE	RULE_DERIVED	ALL_T_CELLS	SOURCE_VERIFIED
PMID35662411_C002	SUBTYPE	RULE_DERIVED	ALL_T_CELLS	SOURCE_VERIFIED
PMID35662411_C003	SUBTYPE	RULE_DERIVED	ALL_T_CELLS	SOURCE_VERIFIED
PMID35662411_C004	SUBTYPE	RULE_DERIVED	ALL_T_CELLS	SOURCE_VERIFIED
PMID36848564_C001	CLUSTER_DERIVED_STATE	RULE_DERIVED	UNKNOWN	HEURISTIC_DESCRIPTIVE
PMID31506348_C001	BROAD_CELL_TYPE	RULE_DERIVED	UNKNOWN	HEURISTIC_DESCRIPTIVE
PMID34019156_C001	SUBTYPE	RULE_DERIVED	UNKNOWN	HEURISTIC_DESCRIPTIVE
PMID34019156_C002	SUBTYPE	RULE_DERIVED	UNKNOWN	HEURISTIC_DESCRIPTIVE
PMID34019156_C003	SUBTYPE	RULE_DERIVED	UNKNOWN	HEURISTIC_DESCRIPTIVE
PMID34019156_C004	SUBTYPE	RULE_DERIVED	UNKNOWN	HEURISTIC_DESCRIPTIVE
PMID34019156_C005	SUBTYPE	RULE_DERIVED	UNKNOWN	HEURISTIC_DESCRIPTIVE
PMID34019156_C006	SUBTYPE	RULE_DERIVED	UNKNOWN	HEURISTIC_DESCRIPTIVE
PMID34019156_C007	SUBTYPE	RULE_DERIVED	UNKNOWN	HEURISTIC_DESCRIPTIVE
PMID35549656_C001	BROAD_CELL_TYPE	RULE_DERIVED	UNKNOWN	HEURISTIC_DESCRIPTIVE
PMID41629974_C001	BROAD_CELL_TYPE	RULE_DERIVED	UNKNOWN	HEURISTIC_DESCRIPTIVE
PMID32511460_C001	SUBTYPE	RULE_DERIVED	UNKNOWN	HEURISTIC_DESCRIPTIVE
PMID38187779_C001	SUBTYPE	RULE_DERIVED	UNKNOWN	HEURISTIC_DESCRIPTIVE
PMID42292441_C001	SUBTYPE	RULE_DERIVED	UNKNOWN	HEURISTIC_DESCRIPTIVE
PMID42433374_C001	BROAD_CELL_TYPE	RULE_DERIVED	UNKNOWN	HEURISTIC_DESCRIPTIVE
