node	stop_label	kind	n	percent
PUBLIC_SOURCE	CONFIRMED_BREAK_AT_PUBLIC_SOURCE	confirmed_absent_or_mismatch	3	6.0
PUBLIC_SOURCE	PARTIAL_AT_PUBLIC_SOURCE	partial	3	6.0
PUBLIC_SOURCE	UNRESOLVED_AT_PUBLIC_SOURCE	unresolved	3	6.0
COHORT	PARTIAL_AT_COHORT	partial	26	52.0
DONOR	PARTIAL_AT_DONOR	partial	7	14.0
AUTHOR_LABEL	PARTIAL_AT_AUTHOR_LABEL	partial	3	6.0
AUTHOR_LABEL	CONFIRMED_BREAK_AT_AUTHOR_LABEL	confirmed_absent_or_mismatch	2	4.0
AUTHOR_LABEL	UNRESOLVED_AT_AUTHOR_LABEL	unresolved	2	4.0
DENOMINATOR	NEAR_MATCH_AT_DENOMINATOR	opened_but_not_closed	1	2.0
