paper_id	screen_stage	screen_decision	exclusion_reason	composition_claim_present	human_review_status	included_in_final_corpus
PMID41157948	INITIAL_SELECTED_CANDIDATE_FRAME	SCREENED		UNKNOWN	SEE_INITIAL_HUMAN_SCREEN	NO
PMID41845882	INITIAL_SELECTED_CANDIDATE_FRAME	NOT_SCREENED		UNKNOWN	NOT_REVIEWED	NO
PMID37752582	INITIAL_SELECTED_CANDIDATE_FRAME	NOT_SCREENED		UNKNOWN	NOT_REVIEWED	NO
PMID41751350	INITIAL_SELECTED_CANDIDATE_FRAME	NOT_SCREENED		UNKNOWN	NOT_REVIEWED	NO
PMID39321281	INITIAL_SELECTED_CANDIDATE_FRAME	NOT_SCREENED		UNKNOWN	NOT_REVIEWED	NO
PMID38642938	INITIAL_SELECTED_CANDIDATE_FRAME	NOT_SCREENED		UNKNOWN	NOT_REVIEWED	NO
PMID39207904	INITIAL_SELECTED_CANDIDATE_FRAME	NOT_SCREENED		UNKNOWN	NOT_REVIEWED	NO
PMID40832362	INITIAL_SELECTED_CANDIDATE_FRAME	NOT_SCREENED		UNKNOWN	NOT_REVIEWED	NO
PMID42459832	INITIAL_SELECTED_CANDIDATE_FRAME	NOT_SCREENED		UNKNOWN	NOT_REVIEWED	NO
PMID39150395	INITIAL_SELECTED_CANDIDATE_FRAME	NOT_SCREENED		UNKNOWN	NOT_REVIEWED	NO
PMID41275764	INITIAL_SELECTED_CANDIDATE_FRAME	SCREENED		UNKNOWN	SEE_INITIAL_HUMAN_SCREEN	NO
PMID39323331	INITIAL_SELECTED_CANDIDATE_FRAME	NOT_SCREENED		UNKNOWN	NOT_REVIEWED	NO
PMID40183825	INITIAL_SELECTED_CANDIDATE_FRAME	NOT_SCREENED		UNKNOWN	NOT_REVIEWED	NO
PMID41437120	INITIAL_SELECTED_CANDIDATE_FRAME	NOT_SCREENED		UNKNOWN	NOT_REVIEWED	NO
PMID42443389	INITIAL_SELECTED_CANDIDATE_FRAME	SCREENED		UNKNOWN	SEE_INITIAL_HUMAN_SCREEN	NO
PMID38596672	INITIAL_SELECTED_CANDIDATE_FRAME	NOT_SCREENED		UNKNOWN	NOT_REVIEWED	NO
PMID39844268	INITIAL_SELECTED_CANDIDATE_FRAME	NOT_SCREENED		UNKNOWN	NOT_REVIEWED	NO
PMID39343250	INITIAL_SELECTED_CANDIDATE_FRAME	NOT_SCREENED		UNKNOWN	NOT_REVIEWED	NO
PMID42555874	INITIAL_SELECTED_CANDIDATE_FRAME	NOT_SCREENED		UNKNOWN	NOT_REVIEWED	NO
PMID41993271	INITIAL_SELECTED_CANDIDATE_FRAME	SCREENED		UNKNOWN	SEE_INITIAL_HUMAN_SCREEN	NO
PMID34777334	INITIAL_SELECTED_CANDIDATE_FRAME	NOT_SCREENED		UNKNOWN	NOT_REVIEWED	NO
PMID36464147	INITIAL_SELECTED_CANDIDATE_FRAME	NOT_SCREENED		UNKNOWN	NOT_REVIEWED	NO
PMID40305368	INITIAL_SELECTED_CANDIDATE_FRAME	NOT_SCREENED		UNKNOWN	NOT_REVIEWED	NO
PMID42071244	INITIAL_SELECTED_CANDIDATE_FRAME	SCREENED		UNKNOWN	SEE_INITIAL_HUMAN_SCREEN	NO
PMID39227716	INITIAL_SELECTED_CANDIDATE_FRAME	SCREENED		UNKNOWN	SEE_INITIAL_HUMAN_SCREEN	NO
PMID36768134	INITIAL_SELECTED_CANDIDATE_FRAME	SCREENED		UNKNOWN	SEE_INITIAL_HUMAN_SCREEN	NO
PMID40179676	INITIAL_SELECTED_CANDIDATE_FRAME	NOT_SCREENED		UNKNOWN	NOT_REVIEWED	NO
PMID37662384	INITIAL_SELECTED_CANDIDATE_FRAME	NOT_SCREENED		UNKNOWN	NOT_REVIEWED	NO
PMID42523795	INITIAL_SELECTED_CANDIDATE_FRAME	NOT_SCREENED		UNKNOWN	NOT_REVIEWED	NO
PMID41431012	INITIAL_SELECTED_CANDIDATE_FRAME	SCREENED		UNKNOWN	SEE_INITIAL_HUMAN_SCREEN	NO
PMID34670266	INITIAL_SELECTED_CANDIDATE_FRAME	SCREENED		UNKNOWN	SEE_INITIAL_HUMAN_SCREEN	NO
PMID34702190	INITIAL_SELECTED_CANDIDATE_FRAME	NOT_SCREENED		UNKNOWN	NOT_REVIEWED	NO
PMID37312900	INITIAL_SELECTED_CANDIDATE_FRAME	SCREENED		UNKNOWN	SEE_INITIAL_HUMAN_SCREEN	YES
PMID38354858	INITIAL_SELECTED_CANDIDATE_FRAME	NOT_SCREENED		UNKNOWN	NOT_REVIEWED	NO
PMID39956907	INITIAL_SELECTED_CANDIDATE_FRAME	SCREENED		UNKNOWN	SEE_INITIAL_HUMAN_SCREEN	NO
PMID41956538	INITIAL_SELECTED_CANDIDATE_FRAME	NOT_SCREENED		UNKNOWN	NOT_REVIEWED	NO
PMID35298717	INITIAL_SELECTED_CANDIDATE_FRAME	SCREENED		UNKNOWN	SEE_INITIAL_HUMAN_SCREEN	NO
PMID41120302	INITIAL_SELECTED_CANDIDATE_FRAME	SCREENED		UNKNOWN	SEE_INITIAL_HUMAN_SCREEN	NO
PMID40359016	INITIAL_SELECTED_CANDIDATE_FRAME	SCREENED		UNKNOWN	SEE_INITIAL_HUMAN_SCREEN	YES
PMID41959244	INITIAL_SELECTED_CANDIDATE_FRAME	NOT_SCREENED		UNKNOWN	NOT_REVIEWED	NO
PMID41001037	INITIAL_SELECTED_CANDIDATE_FRAME	NOT_SCREENED		UNKNOWN	NOT_REVIEWED	NO
PMID36050550	INITIAL_SELECTED_CANDIDATE_FRAME	NOT_SCREENED		UNKNOWN	NOT_REVIEWED	NO
PMID36544780	INITIAL_SELECTED_CANDIDATE_FRAME	NOT_SCREENED		UNKNOWN	NOT_REVIEWED	NO
PMID42337746	INITIAL_SELECTED_CANDIDATE_FRAME	NOT_SCREENED		UNKNOWN	NOT_REVIEWED	NO
PMID41614070	INITIAL_SELECTED_CANDIDATE_FRAME	NOT_SCREENED		UNKNOWN	NOT_REVIEWED	NO
PMID40210146	INITIAL_SELECTED_CANDIDATE_FRAME	NOT_SCREENED		UNKNOWN	NOT_REVIEWED	NO
PMID37713049	INITIAL_SELECTED_CANDIDATE_FRAME	NOT_SCREENED		UNKNOWN	NOT_REVIEWED	NO
PMID35678045	INITIAL_SELECTED_CANDIDATE_FRAME	SCREENED		UNKNOWN	SEE_INITIAL_HUMAN_SCREEN	NO
PMID41965693	INITIAL_SELECTED_CANDIDATE_FRAME	SCREENED		UNKNOWN	SEE_INITIAL_HUMAN_SCREEN	NO
PMID36825022	INITIAL_SELECTED_CANDIDATE_FRAME	SCREENED		UNKNOWN	SEE_INITIAL_HUMAN_SCREEN	NO
PMID37062182	INITIAL_SELECTED_CANDIDATE_FRAME	SCREENED		UNKNOWN	SEE_INITIAL_HUMAN_SCREEN	NO
PMID36993194	INITIAL_SELECTED_CANDIDATE_FRAME	SCREENED		UNKNOWN	SEE_INITIAL_HUMAN_SCREEN	NO
PMID35831277	INITIAL_SELECTED_CANDIDATE_FRAME	SCREENED		UNKNOWN	SEE_INITIAL_HUMAN_SCREEN	NO
PMID41624856	INITIAL_SELECTED_CANDIDATE_FRAME	NOT_SCREENED		UNKNOWN	NOT_REVIEWED	NO
PMID36307504	INITIAL_SELECTED_CANDIDATE_FRAME	SCREENED		UNKNOWN	SEE_INITIAL_HUMAN_SCREEN	NO
PMID36778229	INITIAL_SELECTED_CANDIDATE_FRAME	NOT_SCREENED		UNKNOWN	NOT_REVIEWED	NO
PMID41751477	INITIAL_SELECTED_CANDIDATE_FRAME	NOT_SCREENED		UNKNOWN	NOT_REVIEWED	NO
PMID32182217	INITIAL_SELECTED_CANDIDATE_FRAME	SCREENED		UNKNOWN	SEE_INITIAL_HUMAN_SCREEN	NO
PMID41937210	INITIAL_SELECTED_CANDIDATE_FRAME	SCREENED		UNKNOWN	SEE_INITIAL_HUMAN_SCREEN	YES
PMID38472558	INITIAL_SELECTED_CANDIDATE_FRAME	NOT_SCREENED		UNKNOWN	NOT_REVIEWED	NO
PMID35882228	INITIAL_SELECTED_CANDIDATE_FRAME	NOT_SCREENED		UNKNOWN	NOT_REVIEWED	NO
PMID39829874	INITIAL_SELECTED_CANDIDATE_FRAME	NOT_SCREENED		UNKNOWN	NOT_REVIEWED	NO
PMID40758870	INITIAL_SELECTED_CANDIDATE_FRAME	SCREENED		UNKNOWN	SEE_INITIAL_HUMAN_SCREEN	NO
PMID41972138	INITIAL_SELECTED_CANDIDATE_FRAME	SCREENED		UNKNOWN	SEE_INITIAL_HUMAN_SCREEN	NO
PMID40618325	INITIAL_SELECTED_CANDIDATE_FRAME	SCREENED		UNKNOWN	SEE_INITIAL_HUMAN_SCREEN	NO
PMID42511686	INITIAL_SELECTED_CANDIDATE_FRAME	NOT_SCREENED		UNKNOWN	NOT_REVIEWED	NO
PMID35662411	INITIAL_SELECTED_CANDIDATE_FRAME	SCREENED		UNKNOWN	SEE_INITIAL_HUMAN_SCREEN	YES
PMID41578022	INITIAL_SELECTED_CANDIDATE_FRAME	SCREENED		UNKNOWN	SEE_INITIAL_HUMAN_SCREEN	YES
PMID32754283	INITIAL_SELECTED_CANDIDATE_FRAME	SCREENED		UNKNOWN	SEE_INITIAL_HUMAN_SCREEN	YES
PMID38490439	INITIAL_SELECTED_CANDIDATE_FRAME	NOT_SCREENED		UNKNOWN	NOT_REVIEWED	NO
PMID42645604	INITIAL_SELECTED_CANDIDATE_FRAME	NOT_SCREENED		UNKNOWN	NOT_REVIEWED	NO
PMID41699549	INITIAL_SELECTED_CANDIDATE_FRAME	SCREENED		UNKNOWN	SEE_INITIAL_HUMAN_SCREEN	YES
PMID41457042	INITIAL_SELECTED_CANDIDATE_FRAME	NOT_SCREENED		UNKNOWN	NOT_REVIEWED	NO
PMID41862973	INITIAL_SELECTED_CANDIDATE_FRAME	NOT_SCREENED		UNKNOWN	NOT_REVIEWED	NO
PMID42566469	INITIAL_SELECTED_CANDIDATE_FRAME	NOT_SCREENED		UNKNOWN	NOT_REVIEWED	NO
PMID39602512	INITIAL_SELECTED_CANDIDATE_FRAME	NOT_SCREENED		UNKNOWN	NOT_REVIEWED	NO
PMID40295474	INITIAL_SELECTED_CANDIDATE_FRAME	NOT_SCREENED		UNKNOWN	NOT_REVIEWED	NO
PMID39197065	INITIAL_SELECTED_CANDIDATE_FRAME	SCREENED		UNKNOWN	SEE_INITIAL_HUMAN_SCREEN	NO
PMID40168796	INITIAL_SELECTED_CANDIDATE_FRAME	NOT_SCREENED		UNKNOWN	NOT_REVIEWED	NO
PMID42010571	INITIAL_SELECTED_CANDIDATE_FRAME	NOT_SCREENED		UNKNOWN	NOT_REVIEWED	NO
PMID41001468	INITIAL_SELECTED_CANDIDATE_FRAME	NOT_SCREENED		UNKNOWN	NOT_REVIEWED	NO
PMID34012112	INITIAL_SELECTED_CANDIDATE_FRAME	SCREENED		UNKNOWN	SEE_INITIAL_HUMAN_SCREEN	NO
PMID36591786	INITIAL_SELECTED_CANDIDATE_FRAME	SCREENED		UNKNOWN	SEE_INITIAL_HUMAN_SCREEN	NO
PMID37713131	INITIAL_SELECTED_CANDIDATE_FRAME	NOT_SCREENED		UNKNOWN	NOT_REVIEWED	NO
PMID40976895	INITIAL_SELECTED_CANDIDATE_FRAME	NOT_SCREENED		UNKNOWN	NOT_REVIEWED	NO
PMID35882665	INITIAL_SELECTED_CANDIDATE_FRAME	NOT_SCREENED		UNKNOWN	NOT_REVIEWED	NO
PMID41445616	INITIAL_SELECTED_CANDIDATE_FRAME	NOT_SCREENED		UNKNOWN	NOT_REVIEWED	NO
PMID38914790	INITIAL_SELECTED_CANDIDATE_FRAME	NOT_SCREENED		UNKNOWN	NOT_REVIEWED	NO
PMID42167060	INITIAL_SELECTED_CANDIDATE_FRAME	NOT_SCREENED		UNKNOWN	NOT_REVIEWED	NO
PMID36711576	INITIAL_SELECTED_CANDIDATE_FRAME	SCREENED		UNKNOWN	SEE_INITIAL_HUMAN_SCREEN	NO
PMID35549656	INITIAL_SELECTED_CANDIDATE_FRAME	SCREENED		UNKNOWN	SEE_INITIAL_HUMAN_SCREEN	YES
PMID41415903	INITIAL_SELECTED_CANDIDATE_FRAME	NOT_SCREENED		UNKNOWN	NOT_REVIEWED	NO
PMID40880197	INITIAL_SELECTED_CANDIDATE_FRAME	NOT_SCREENED		UNKNOWN	NOT_REVIEWED	NO
PMID34052132	INITIAL_SELECTED_CANDIDATE_FRAME	NOT_SCREENED		UNKNOWN	NOT_REVIEWED	NO
PMID41017471	INITIAL_SELECTED_CANDIDATE_FRAME	NOT_SCREENED		UNKNOWN	NOT_REVIEWED	NO
PMID41310768	INITIAL_SELECTED_CANDIDATE_FRAME	NOT_SCREENED		UNKNOWN	NOT_REVIEWED	NO
PMID42571730	INITIAL_SELECTED_CANDIDATE_FRAME	NOT_SCREENED		UNKNOWN	NOT_REVIEWED	NO
PMID42543885	INITIAL_SELECTED_CANDIDATE_FRAME	SCREENED		UNKNOWN	SEE_INITIAL_HUMAN_SCREEN	NO
PMID40879186	INITIAL_SELECTED_CANDIDATE_FRAME	SCREENED		UNKNOWN	SEE_INITIAL_HUMAN_SCREEN	YES
PMID41335221	INITIAL_SELECTED_CANDIDATE_FRAME	SCREENED		UNKNOWN	SEE_INITIAL_HUMAN_SCREEN	NO
PMID39938454	INITIAL_SELECTED_CANDIDATE_FRAME	SCREENED		UNKNOWN	SEE_INITIAL_HUMAN_SCREEN	NO
PMID36869704	INITIAL_SELECTED_CANDIDATE_FRAME	SCREENED		UNKNOWN	SEE_INITIAL_HUMAN_SCREEN	NO
PMID36083891	INITIAL_SELECTED_CANDIDATE_FRAME	NOT_SCREENED		UNKNOWN	NOT_REVIEWED	NO
PMID32661339	INITIAL_SELECTED_CANDIDATE_FRAME	SCREENED		UNKNOWN	SEE_INITIAL_HUMAN_SCREEN	YES
PMID31506348	INITIAL_SELECTED_CANDIDATE_FRAME	SCREENED		UNKNOWN	SEE_INITIAL_HUMAN_SCREEN	YES
PMID42412755	INITIAL_SELECTED_CANDIDATE_FRAME	SCREENED		UNKNOWN	SEE_INITIAL_HUMAN_SCREEN	NO
PMID42775680	INITIAL_SELECTED_CANDIDATE_FRAME	NOT_SCREENED		UNKNOWN	NOT_REVIEWED	NO
PMID39210544	INITIAL_SELECTED_CANDIDATE_FRAME	NOT_SCREENED		UNKNOWN	NOT_REVIEWED	NO
PMID36593328	INITIAL_SELECTED_CANDIDATE_FRAME	NOT_SCREENED		UNKNOWN	NOT_REVIEWED	NO
PMID42769100	INITIAL_SELECTED_CANDIDATE_FRAME	NOT_SCREENED		UNKNOWN	NOT_REVIEWED	NO
PMID31482761	INITIAL_SELECTED_CANDIDATE_FRAME	NOT_SCREENED		UNKNOWN	NOT_REVIEWED	NO
PMID39531917	INITIAL_SELECTED_CANDIDATE_FRAME	SCREENED		UNKNOWN	SEE_INITIAL_HUMAN_SCREEN	NO
PMID38911848	INITIAL_SELECTED_CANDIDATE_FRAME	SCREENED		UNKNOWN	SEE_INITIAL_HUMAN_SCREEN	NO
PMID39647286	INITIAL_SELECTED_CANDIDATE_FRAME	NOT_SCREENED		UNKNOWN	NOT_REVIEWED	NO
PMID33780969	INITIAL_SELECTED_CANDIDATE_FRAME	NOT_SCREENED		UNKNOWN	NOT_REVIEWED	NO
PMID39587675	INITIAL_SELECTED_CANDIDATE_FRAME	NOT_SCREENED		UNKNOWN	NOT_REVIEWED	NO
PMID35092726	INITIAL_SELECTED_CANDIDATE_FRAME	NOT_SCREENED		UNKNOWN	NOT_REVIEWED	NO
PMID41008585	INITIAL_SELECTED_CANDIDATE_FRAME	NOT_SCREENED		UNKNOWN	NOT_REVIEWED	NO
PMID41389000	INITIAL_SELECTED_CANDIDATE_FRAME	NOT_SCREENED		UNKNOWN	NOT_REVIEWED	NO
PMID40140461	INITIAL_SELECTED_CANDIDATE_FRAME	SCREENED		UNKNOWN	SEE_INITIAL_HUMAN_SCREEN	NO
PMID34795060	INITIAL_SELECTED_CANDIDATE_FRAME	NOT_SCREENED		UNKNOWN	NOT_REVIEWED	NO
PMID42536137	INITIAL_SELECTED_CANDIDATE_FRAME	SCREENED		UNKNOWN	SEE_INITIAL_HUMAN_SCREEN	NO
PMID40650067	INITIAL_SELECTED_CANDIDATE_FRAME	NOT_SCREENED		UNKNOWN	NOT_REVIEWED	NO
PMID42112348	INITIAL_SELECTED_CANDIDATE_FRAME	SCREENED		UNKNOWN	SEE_INITIAL_HUMAN_SCREEN	NO
PMID37997621	INITIAL_SELECTED_CANDIDATE_FRAME	SCREENED		UNKNOWN	SEE_INITIAL_HUMAN_SCREEN	NO
PMID35021065	INITIAL_SELECTED_CANDIDATE_FRAME	SCREENED		UNKNOWN	SEE_INITIAL_HUMAN_SCREEN	NO
PMID41220068	INITIAL_SELECTED_CANDIDATE_FRAME	NOT_SCREENED		UNKNOWN	NOT_REVIEWED	NO
PMID40423444	INITIAL_SELECTED_CANDIDATE_FRAME	NOT_SCREENED		UNKNOWN	NOT_REVIEWED	NO
PMID35755431	INITIAL_SELECTED_CANDIDATE_FRAME	SCREENED		UNKNOWN	SEE_INITIAL_HUMAN_SCREEN	NO
PMID40457096	INITIAL_SELECTED_CANDIDATE_FRAME	NOT_SCREENED		UNKNOWN	NOT_REVIEWED	NO
PMID32276728	INITIAL_SELECTED_CANDIDATE_FRAME	NOT_SCREENED		UNKNOWN	NOT_REVIEWED	NO
PMID39232498	INITIAL_SELECTED_CANDIDATE_FRAME	NOT_SCREENED		UNKNOWN	NOT_REVIEWED	NO
PMID37464408	INITIAL_SELECTED_CANDIDATE_FRAME	NOT_SCREENED		UNKNOWN	NOT_REVIEWED	NO
PMID33125243	INITIAL_SELECTED_CANDIDATE_FRAME	NOT_SCREENED		UNKNOWN	NOT_REVIEWED	NO
PMID39121861	INITIAL_SELECTED_CANDIDATE_FRAME	NOT_SCREENED		UNKNOWN	NOT_REVIEWED	NO
PMID38920355	INITIAL_SELECTED_CANDIDATE_FRAME	NOT_SCREENED		UNKNOWN	NOT_REVIEWED	NO
PMID41624850	INITIAL_SELECTED_CANDIDATE_FRAME	NOT_SCREENED		UNKNOWN	NOT_REVIEWED	NO
PMID42298187	INITIAL_SELECTED_CANDIDATE_FRAME	NOT_SCREENED		UNKNOWN	NOT_REVIEWED	NO
PMID37267758	INITIAL_SELECTED_CANDIDATE_FRAME	NOT_SCREENED		UNKNOWN	NOT_REVIEWED	NO
PMID40675771	INITIAL_SELECTED_CANDIDATE_FRAME	NOT_SCREENED		UNKNOWN	NOT_REVIEWED	NO
PMID35716951	INITIAL_SELECTED_CANDIDATE_FRAME	NOT_SCREENED		UNKNOWN	NOT_REVIEWED	NO
PMID40709181	INITIAL_SELECTED_CANDIDATE_FRAME	NOT_SCREENED		UNKNOWN	NOT_REVIEWED	NO
PMID41165345	INITIAL_SELECTED_CANDIDATE_FRAME	NOT_SCREENED		UNKNOWN	NOT_REVIEWED	NO
PMID40719796	INITIAL_SELECTED_CANDIDATE_FRAME	NOT_SCREENED		UNKNOWN	NOT_REVIEWED	NO
PMID33432193	INITIAL_SELECTED_CANDIDATE_FRAME	NOT_SCREENED		UNKNOWN	NOT_REVIEWED	NO
PMID41588135	INITIAL_SELECTED_CANDIDATE_FRAME	NOT_SCREENED		UNKNOWN	NOT_REVIEWED	NO
PMID41629974	INITIAL_SELECTED_CANDIDATE_FRAME	SCREENED		UNKNOWN	SEE_INITIAL_HUMAN_SCREEN	YES
PMID41836397	INITIAL_SELECTED_CANDIDATE_FRAME	NOT_SCREENED		UNKNOWN	NOT_REVIEWED	NO
PMID41194923	INITIAL_SELECTED_CANDIDATE_FRAME	SCREENED		UNKNOWN	SEE_INITIAL_HUMAN_SCREEN	NO
PMID41389969	INITIAL_SELECTED_CANDIDATE_FRAME	SCREENED		UNKNOWN	SEE_INITIAL_HUMAN_SCREEN	NO
PMID35255712	INITIAL_SELECTED_CANDIDATE_FRAME	NOT_SCREENED		UNKNOWN	NOT_REVIEWED	NO
PMID42636583	INITIAL_SELECTED_CANDIDATE_FRAME	NOT_SCREENED		UNKNOWN	NOT_REVIEWED	NO
PMID41762738	INITIAL_SELECTED_CANDIDATE_FRAME	NOT_SCREENED		UNKNOWN	NOT_REVIEWED	NO
PMID40384874	INITIAL_SELECTED_CANDIDATE_FRAME	SCREENED		UNKNOWN	SEE_INITIAL_HUMAN_SCREEN	NO
PMID34607015	INITIAL_SELECTED_CANDIDATE_FRAME	NOT_SCREENED		UNKNOWN	NOT_REVIEWED	NO
PMID33112823	INITIAL_SELECTED_CANDIDATE_FRAME	NOT_SCREENED		UNKNOWN	NOT_REVIEWED	NO
PMID42146604	INITIAL_SELECTED_CANDIDATE_FRAME	SCREENED		UNKNOWN	SEE_INITIAL_HUMAN_SCREEN	NO
PMID36346385	INITIAL_SELECTED_CANDIDATE_FRAME	NOT_SCREENED		UNKNOWN	NOT_REVIEWED	NO
PMID42250325	INITIAL_SELECTED_CANDIDATE_FRAME	NOT_SCREENED		UNKNOWN	NOT_REVIEWED	NO
PMID40744996	INITIAL_SELECTED_CANDIDATE_FRAME	SCREENED		UNKNOWN	SEE_INITIAL_HUMAN_SCREEN	YES
PMID35022393	INITIAL_SELECTED_CANDIDATE_FRAME	NOT_SCREENED		UNKNOWN	NOT_REVIEWED	NO
PMID39114032	INITIAL_SELECTED_CANDIDATE_FRAME	NOT_SCREENED		UNKNOWN	NOT_REVIEWED	NO
PMID37969056	INITIAL_SELECTED_CANDIDATE_FRAME	NOT_SCREENED		UNKNOWN	NOT_REVIEWED	NO
PMID42143504	INITIAL_SELECTED_CANDIDATE_FRAME	NOT_SCREENED		UNKNOWN	NOT_REVIEWED	NO
PMID42762061	INITIAL_SELECTED_CANDIDATE_FRAME	NOT_SCREENED		UNKNOWN	NOT_REVIEWED	NO
PMID38426888	INITIAL_SELECTED_CANDIDATE_FRAME	NOT_SCREENED		UNKNOWN	NOT_REVIEWED	NO
PMID38695167	INITIAL_SELECTED_CANDIDATE_FRAME	NOT_SCREENED		UNKNOWN	NOT_REVIEWED	NO
PMID39757146	INITIAL_SELECTED_CANDIDATE_FRAME	NOT_SCREENED		UNKNOWN	NOT_REVIEWED	NO
PMID34019156	INITIAL_SELECTED_CANDIDATE_FRAME	SCREENED		UNKNOWN	SEE_INITIAL_HUMAN_SCREEN	YES
PMID41373689	INITIAL_SELECTED_CANDIDATE_FRAME	SCREENED		UNKNOWN	SEE_INITIAL_HUMAN_SCREEN	NO
PMID38577490	INITIAL_SELECTED_CANDIDATE_FRAME	NOT_SCREENED		UNKNOWN	NOT_REVIEWED	NO
PMID41823835	INITIAL_SELECTED_CANDIDATE_FRAME	NOT_SCREENED		UNKNOWN	NOT_REVIEWED	NO
PMID35186167	INITIAL_SELECTED_CANDIDATE_FRAME	NOT_SCREENED		UNKNOWN	NOT_REVIEWED	NO
PMID36752797	INITIAL_SELECTED_CANDIDATE_FRAME	NOT_SCREENED		UNKNOWN	NOT_REVIEWED	NO
PMID37729215	INITIAL_SELECTED_CANDIDATE_FRAME	NOT_SCREENED		UNKNOWN	NOT_REVIEWED	NO
PMID36848564	INITIAL_SELECTED_CANDIDATE_FRAME	SCREENED		UNKNOWN	SEE_INITIAL_HUMAN_SCREEN	YES
PMID40641111	INITIAL_SELECTED_CANDIDATE_FRAME	NOT_SCREENED		UNKNOWN	NOT_REVIEWED	NO
PMID42568025	INITIAL_SELECTED_CANDIDATE_FRAME	NOT_SCREENED		UNKNOWN	NOT_REVIEWED	NO
PMID42062470	INITIAL_SELECTED_CANDIDATE_FRAME	NOT_SCREENED		UNKNOWN	NOT_REVIEWED	NO
PMID41772383	INITIAL_SELECTED_CANDIDATE_FRAME	NOT_SCREENED		UNKNOWN	NOT_REVIEWED	NO
PMID35298717	INITIAL_HUMAN_SCREEN	EXCLUDE	Inspected full text. Exclusion confirmed from the inspected text: the article is not a human scRNA/snRNA disease-versus-control abundance study with a traceable public source. Provisional reason retained: Animal/in-vitro diabetic neuropathy; no eligible human scRNA disease-control abundance claim.	NO_QUALIFYING_CLAIM	source-adjudication; 2026-10-07	NO
PMID36768134	INITIAL_HUMAN_SCREEN	EXCLUDE	Inspected full text. Exclusion confirmed from the inspected text: the article is not a human scRNA/snRNA disease-versus-control abundance study with a traceable public source. Provisional reason retained: Mouse hippocampus; not human.	NO_QUALIFYING_CLAIM	source-adjudication; 2026-10-07	NO
PMID40879186	INITIAL_HUMAN_SCREEN	UNCERTAIN	Human CITE-seq shows IL1Bhigh monocytes lower in untreated MS than in healthy controls (about 0.8% versus 8.1% of PBMCs; baseline n=19 versus 11) and classical monocytes higher at baseline. Raw data are available only on request, so the public-repository rule is not met.	UNKNOWN	source-adjudication; 2026-10-07	YES
PMID41972138	INITIAL_HUMAN_SCREEN	EXCLUDE	Inspected full text. Exclusion confirmed from the inspected text: the article is not a human scRNA/snRNA disease-versus-control abundance study with a traceable public source. Provisional reason retained: LN snRNA performed in mice; human validation measures Dll4, not human composition.	NO_QUALIFYING_CLAIM	source-adjudication; 2026-10-07	NO
PMID40618325	INITIAL_HUMAN_SCREEN	EXCLUDE	Inspected abstract only; no local full text. Exclusion confirmed from the inspected text: the article is not a human scRNA/snRNA disease-versus-control abundance study with a traceable public source. Provisional reason retained: MR/eQTL target-gene analysis; no sequence-based composition claim identified.	NO_QUALIFYING_CLAIM	source-adjudication; 2026-10-07	NO
PMID39197065	INITIAL_HUMAN_SCREEN	EXCLUDE	Inspected abstract only; no local full text. Exclusion confirmed from the inspected text: the article is not a human scRNA/snRNA disease-versus-control abundance study with a traceable public source. Provisional reason retained: Mouse UC intervention; not human.	NO_QUALIFYING_CLAIM	source-adjudication; 2026-10-07	NO
PMID35549656	INITIAL_HUMAN_SCREEN	UNCERTAIN	Baseline ALI cultures show more club/goblet cells in COPD than healthy donors (4 versus 3; 78.1% versus 68.19%). The primary contrast is experimental SARS-CoV-2 infection, and GSE163151/GSE37147 are bulk validation sets, not the scRNA source.	UNKNOWN	source-adjudication; 2026-10-07	YES
PMID41993271	INITIAL_HUMAN_SCREEN	EXCLUDE	Inspected full text. Exclusion confirmed from the inspected text: the article is not a human scRNA/snRNA disease-versus-control abundance study with a traceable public source. Provisional reason retained: Mouse fibrosis/resolution.	NO_QUALIFYING_CLAIM	source-adjudication; 2026-10-07	NO
PMID32754283	INITIAL_HUMAN_SCREEN	INCLUDE		YES	source-adjudication; 2026-10-07	YES
PMID42412755	INITIAL_HUMAN_SCREEN	EXCLUDE	Inspected full text. Exclusion confirmed from the inspected text: the article is not a human scRNA/snRNA disease-versus-control abundance study with a traceable public source. Provisional reason retained: Hub-gene/DE analysis; no explicit human cellular abundance direction.	NO_QUALIFYING_CLAIM	source-adjudication; 2026-10-07	NO
PMID39956907	INITIAL_HUMAN_SCREEN	EXCLUDE	Inspected full text. Exclusion confirmed from the inspected text: the article is not a human scRNA/snRNA disease-versus-control abundance study with a traceable public source. Provisional reason retained: EndMT gene identification; no explicit abundance claim.	NO_QUALIFYING_CLAIM	source-adjudication; 2026-10-07	NO
PMID41699549	INITIAL_HUMAN_SCREEN	INCLUDE		YES	source-adjudication; 2026-10-07	YES
PMID41157948	INITIAL_HUMAN_SCREEN	EXCLUDE	Inspected full text. Exclusion confirmed from the inspected text: the article is not a human scRNA/snRNA disease-versus-control abundance study with a traceable public source. Provisional reason retained: Heritability/state-expression enrichment is not differential abundance.	NO_QUALIFYING_CLAIM	source-adjudication; 2026-10-07	NO
PMID36825022	INITIAL_HUMAN_SCREEN	EXCLUDE	Inspected full text. Exclusion confirmed from the inspected text: the article is not a human scRNA/snRNA disease-versus-control abundance study with a traceable public source. Provisional reason retained: Gene signatures/prognostic score; no eligible scRNA abundance claim.	NO_QUALIFYING_CLAIM	source-adjudication; 2026-10-07	NO
PMID40758870	INITIAL_HUMAN_SCREEN	EXCLUDE	Inspected full text. Exclusion confirmed from the inspected text: the article is not a human scRNA/snRNA disease-versus-control abundance study with a traceable public source. Provisional reason retained: Mouse EAE study.	NO_QUALIFYING_CLAIM	source-adjudication; 2026-10-07	NO
PMID41335221	INITIAL_HUMAN_SCREEN	EXCLUDE	Inspected full text. Exclusion confirmed from the inspected text: the article is not a human scRNA/snRNA disease-versus-control abundance study with a traceable public source. Provisional reason retained: Review.	NO_QUALIFYING_CLAIM	source-adjudication; 2026-10-07	NO
PMID35831277	INITIAL_HUMAN_SCREEN	EXCLUDE	Inspected full text. Exclusion confirmed from the inspected text: the article is not a human scRNA/snRNA disease-versus-control abundance study with a traceable public source. Provisional reason retained: RA paired synovial-fluid versus blood and ACPA subgroups; no healthy disease/control contrast for scRNA abundance.	NO_QUALIFYING_CLAIM	source-adjudication; 2026-10-07	NO
PMID36869704	INITIAL_HUMAN_SCREEN	EXCLUDE	Inspected full text. Exclusion confirmed from the inspected text: the article is not a human scRNA/snRNA disease-versus-control abundance study with a traceable public source. Provisional reason retained: Culture/IFN response; no directed disease-versus-control abundance claim.	NO_QUALIFYING_CLAIM	source-adjudication; 2026-10-07	NO
PMID34670266	INITIAL_HUMAN_SCREEN	EXCLUDE	Inspected full text. Exclusion confirmed from the inspected text: the article is not a human scRNA/snRNA disease-versus-control abundance study with a traceable public source. Provisional reason retained: Single-B-cell antibody/BCR assays, not an eligible scRNA/snRNA composition design.	NO_QUALIFYING_CLAIM	source-adjudication; 2026-10-07	NO
PMID32661339	INITIAL_HUMAN_SCREEN	INCLUDE		YES	source-adjudication; 2026-10-07	YES
PMID37312900	INITIAL_HUMAN_SCREEN	INCLUDE		YES	source-adjudication; 2026-10-07	YES
PMID34012112	INITIAL_HUMAN_SCREEN	EXCLUDE	Inspected full text. Exclusion confirmed from the inspected text: the article is not a human scRNA/snRNA disease-versus-control abundance study with a traceable public source. Provisional reason retained: snATAC/genetics enrichment; not an scRNA/snRNA abundance study.	NO_QUALIFYING_CLAIM	source-adjudication; 2026-10-07	NO
PMID36591786	INITIAL_HUMAN_SCREEN	EXCLUDE	Inspected full text. Exclusion confirmed from the inspected text: the article is not a human scRNA/snRNA disease-versus-control abundance study with a traceable public source. Provisional reason retained: Mouse atherosclerosis.	NO_QUALIFYING_CLAIM	source-adjudication; 2026-10-07	NO
PMID35678045	INITIAL_HUMAN_SCREEN	EXCLUDE	Inspected full text. Exclusion confirmed from the inspected text: the article is not a human scRNA/snRNA disease-versus-control abundance study with a traceable public source. Provisional reason retained: NNMT expression/metabolic inhibition; no cell-abundance claim.	NO_QUALIFYING_CLAIM	source-adjudication; 2026-10-07	NO
PMID41965693	INITIAL_HUMAN_SCREEN	EXCLUDE	Inspected full text. Exclusion confirmed from the inspected text: the article is not a human scRNA/snRNA disease-versus-control abundance study with a traceable public source. Provisional reason retained: EFEMP1/GALNT10 expression and spatial/causal analysis; no cell-state abundance claim.	NO_QUALIFYING_CLAIM	source-adjudication; 2026-10-07	NO
PMID41120302	INITIAL_HUMAN_SCREEN	EXCLUDE	Inspected full text. Exclusion confirmed from the inspected text: the article is not a human scRNA/snRNA disease-versus-control abundance study with a traceable public source. Provisional reason retained: Disease-marker classifier; gene enrichment, not abundance.	NO_QUALIFYING_CLAIM	source-adjudication; 2026-10-07	NO
PMID40359016	INITIAL_HUMAN_SCREEN	INCLUDE		YES	source-adjudication; 2026-10-07	YES
PMID36993194	INITIAL_HUMAN_SCREEN	EXCLUDE	Inspected full text. Exclusion confirmed from the inspected text: the article is not a human scRNA/snRNA disease-versus-control abundance study with a traceable public source. Provisional reason retained: HLA eQTL effects, not composition claim.	NO_QUALIFYING_CLAIM	source-adjudication; 2026-10-07	NO
PMID39938454	INITIAL_HUMAN_SCREEN	UNCERTAIN	No local full text. The abstract infers expanded atypical memory B cells from a transcriptional signature; scRNA abundance, donor N and a public accession were not verified.	UNKNOWN	source-adjudication; 2026-10-07	NO
PMID36711576	INITIAL_HUMAN_SCREEN	UNCERTAIN	Only the abstract is in the local full-text file. It describes treatment-associated MNP shifts and a spatial trend toward higher MNP and fibroblast abundance, which is not enough to code a disease-versus-control scRNA claim.	UNKNOWN	source-adjudication; 2026-10-07	NO
PMID42146604	INITIAL_HUMAN_SCREEN	EXCLUDE	Inspected full text. Exclusion confirmed from the inspected text: the article is not a human scRNA/snRNA disease-versus-control abundance study with a traceable public source. Provisional reason retained: APP/PS1 mouse study.	NO_QUALIFYING_CLAIM	source-adjudication; 2026-10-07	NO
PMID42536137	INITIAL_HUMAN_SCREEN	EXCLUDE	Inspected abstract only; no local full text. Exclusion confirmed from the inspected text: the article is not a human scRNA/snRNA disease-versus-control abundance study with a traceable public source. Provisional reason retained: TNBC UCHL1 gene/mechanism study; no eligible abundance contrast identified in abstract.	NO_QUALIFYING_CLAIM	source-adjudication; 2026-10-07	NO
PMID41629974	INITIAL_HUMAN_SCREEN	UNCERTAIN	scRNA-seq reports fewer NK cells in acute NMOSD than in healthy controls (P=0.012) and fewer IFN-gamma-response naive B cells (P=0.031). The data-availability statement says the data are not public.	UNKNOWN	source-adjudication; 2026-10-07	YES
PMID39531917	INITIAL_HUMAN_SCREEN	EXCLUDE	Inspected full text. Exclusion confirmed from the inspected text: the article is not a human scRNA/snRNA disease-versus-control abundance study with a traceable public source. Provisional reason retained: Physically active/inactive patients with SLE; no disease/control contrast.	NO_QUALIFYING_CLAIM	source-adjudication; 2026-10-07	NO
PMID41194923	INITIAL_HUMAN_SCREEN	EXCLUDE	Inspected full text. Exclusion confirmed from the inspected text: the article is not a human scRNA/snRNA disease-versus-control abundance study with a traceable public source. Provisional reason retained: Phospho-flow study; no scRNA/snRNA.	NO_QUALIFYING_CLAIM	source-adjudication; 2026-10-07	NO
PMID41389969	INITIAL_HUMAN_SCREEN	EXCLUDE	Inspected abstract only; no local full text. Exclusion confirmed from the inspected text: the article is not a human scRNA/snRNA disease-versus-control abundance study with a traceable public source. Provisional reason retained: Ly6Chi macrophage/mouse UC; no human disease-control design identified.	NO_QUALIFYING_CLAIM	source-adjudication; 2026-10-07	NO
PMID36307504	INITIAL_HUMAN_SCREEN	EXCLUDE	Inspected full text. Exclusion confirmed from the inspected text: the article is not a human scRNA/snRNA disease-versus-control abundance study with a traceable public source. Provisional reason retained: Smoking comparison with bulk deconvolution; no disease/control sequencing abundance contrast.	NO_QUALIFYING_CLAIM	source-adjudication; 2026-10-07	NO
PMID41578022	INITIAL_HUMAN_SCREEN	INCLUDE		YES	source-adjudication; 2026-10-07	YES
PMID35755431	INITIAL_HUMAN_SCREEN	EXCLUDE	Inspected full text. Exclusion confirmed from the inspected text: the article is not a human scRNA/snRNA disease-versus-control abundance study with a traceable public source. Provisional reason retained: Review.	NO_QUALIFYING_CLAIM	source-adjudication; 2026-10-07	NO
PMID40384874	INITIAL_HUMAN_SCREEN	EXCLUDE	Inspected full text. Exclusion confirmed from the inspected text: the article is not a human scRNA/snRNA disease-versus-control abundance study with a traceable public source. Provisional reason retained: Mouse DCM/mechanistic macrophage study; human data are gene validation.	NO_QUALIFYING_CLAIM	source-adjudication; 2026-10-07	NO
PMID41937210	INITIAL_HUMAN_SCREEN	INCLUDE		YES	source-adjudication; 2026-10-07	YES
PMID42071244	INITIAL_HUMAN_SCREEN	EXCLUDE	Inspected full text. Exclusion confirmed from the inspected text: the article is not a human scRNA/snRNA disease-versus-control abundance study with a traceable public source. Provisional reason retained: Human IHC/NanoString; scRNA corroboration from mouse tumors.	NO_QUALIFYING_CLAIM	source-adjudication; 2026-10-07	NO
PMID39227716	INITIAL_HUMAN_SCREEN	EXCLUDE	OPC proportion falls with age (FDR 0.002) after adjustment for disease status. No psychiatric-versus-neurotypical cell-state abundance claim was located.	NO_QUALIFYING_CLAIM	source-adjudication; 2026-10-07	NO
PMID41373689	INITIAL_HUMAN_SCREEN	EXCLUDE	Inspected full text. Exclusion confirmed from the inspected text: the article is not a human scRNA/snRNA disease-versus-control abundance study with a traceable public source. Provisional reason retained: Review.	NO_QUALIFYING_CLAIM	source-adjudication; 2026-10-07	NO
PMID42443389	INITIAL_HUMAN_SCREEN	UNCERTAIN	No local full text. The abstract reports NKT and NKT-6 depletion in autoimmune encephalitis, but donor N, assay and a public accession were not verified.	UNKNOWN	source-adjudication; 2026-10-07	NO
PMID40744996	INITIAL_HUMAN_SCREEN	INCLUDE		YES	source-adjudication; 2026-10-07	YES
PMID38911848	INITIAL_HUMAN_SCREEN	EXCLUDE	Inspected full text. Exclusion confirmed from the inspected text: the article is not a human scRNA/snRNA disease-versus-control abundance study with a traceable public source. Provisional reason retained: Mass cytometry; no scRNA/snRNA.	NO_QUALIFYING_CLAIM	source-adjudication; 2026-10-07	NO
PMID35021065	INITIAL_HUMAN_SCREEN	EXCLUDE	GSDMB increase is epithelial gene and protein expression. The scRNA analysis localizes expression to colonocytes, not a disease-versus-control cell-state abundance claim.	NO_QUALIFYING_CLAIM	source-adjudication; 2026-10-07	NO
PMID35662411	INITIAL_HUMAN_SCREEN	INCLUDE		YES	source-adjudication; 2026-10-07	YES
PMID36848564	INITIAL_HUMAN_SCREEN	INCLUDE		YES	source-adjudication; 2026-10-07	YES
PMID31506348	INITIAL_HUMAN_SCREEN	INCLUDE		YES	source-adjudication; 2026-10-07	YES
PMID32182217	INITIAL_HUMAN_SCREEN	EXCLUDE	Inspected full text. Exclusion confirmed from the inspected text: the article is not a human scRNA/snRNA disease-versus-control abundance study with a traceable public source. Provisional reason retained: Mouse beta-cell ERAD.	NO_QUALIFYING_CLAIM	source-adjudication; 2026-10-07	NO
PMID41275764	INITIAL_HUMAN_SCREEN	EXCLUDE	Inspected full text. Exclusion confirmed from the inspected text: the article is not a human scRNA/snRNA disease-versus-control abundance study with a traceable public source. Provisional reason retained: Mouse microplastic study.	NO_QUALIFYING_CLAIM	source-adjudication; 2026-10-07	NO
PMID40140461	INITIAL_HUMAN_SCREEN	EXCLUDE	Inspected full text. Exclusion confirmed from the inspected text: the article is not a human scRNA/snRNA disease-versus-control abundance study with a traceable public source. Provisional reason retained: Tumor-stage comparison; no disease/control abundance claim identified.	NO_QUALIFYING_CLAIM	source-adjudication; 2026-10-07	NO
PMID34019156	INITIAL_HUMAN_SCREEN	INCLUDE		YES	source-adjudication; 2026-10-07	YES
PMID42543885	INITIAL_HUMAN_SCREEN	EXCLUDE	Immune proportions come from CIBERSORT of bulk blood GSE6613. The scRNA section tests ferroptosis-gene expression by annotated cell type.	NO_QUALIFYING_CLAIM	source-adjudication; 2026-10-07	NO
PMID37062182	INITIAL_HUMAN_SCREEN	EXCLUDE	Abstract describes two treated RRMS patients and the effect of peripheral leukocyte depletion, not a disease-versus-control composition design.	NO_QUALIFYING_CLAIM	source-adjudication; 2026-10-07	NO
PMID42112348	INITIAL_HUMAN_SCREEN	EXCLUDE	Inspected full text. Exclusion confirmed from the inspected text: the article is not a human scRNA/snRNA disease-versus-control abundance study with a traceable public source. Provisional reason retained: Review.	NO_QUALIFYING_CLAIM	source-adjudication; 2026-10-07	NO
PMID37997621	INITIAL_HUMAN_SCREEN	EXCLUDE	Frequency changes are in murine CIA. The human scRNA result is higher PD-L1 expression in RA synovial macrophages, not a cell-state abundance contrast.	NO_QUALIFYING_CLAIM	source-adjudication; 2026-10-07	NO
PMID41431012	INITIAL_HUMAN_SCREEN	EXCLUDE	Inspected full text. Exclusion confirmed from the inspected text: the article is not a human scRNA/snRNA disease-versus-control abundance study with a traceable public source. Provisional reason retained: TWAS/single-cell gene expression localization; no abundance claim.	NO_QUALIFYING_CLAIM	source-adjudication; 2026-10-07	NO
PMID40879186	UNCERTAIN_RECORD_SOURCE_RESOLUTION	INCLUDE	Full text states human CITE-seq PBMC composition claims for treatment-naive MS baseline versus healthy controls. Two claims are already in the frozen Layer A. Data are available on request, which does not exclude the paper.	YES	SOURCE_RESOLUTION_RECORD; NOT_INDEPENDENT_BLIND_REVIEW	YES
PMID35549656	UNCERTAIN_RECORD_SOURCE_RESOLUTION	INCLUDE	Primary human bronchial epithelial cells from COPD and healthy donors, differentiated at air-liquid interface, were profiled by scRNA-seq. Baseline club/goblet proportions differ. GSE163151 and GSE37147 are bulk validation datasets and are not the scRNA source.	YES	SOURCE_RESOLUTION_RECORD; NOT_INDEPENDENT_BLIND_REVIEW	YES
PMID39938454	UNCERTAIN_RECORD_SOURCE_RESOLUTION	UNRESOLVED_SOURCE_UNAVAILABLE	No PMC full text was retrieved. The abstract describes signature enrichment and does not by itself establish a single-cell case-control abundance claim.	UNKNOWN	SOURCE_RESOLUTION_RECORD; NOT_INDEPENDENT_BLIND_REVIEW	NO
PMID36711576	UNCERTAIN_RECORD_SOURCE_RESOLUTION	INCLUDE	The preprint was reconciled to Nature Communications PMID38374043. That version reports human blood and colonic CITE-seq composition contrasts. The preprint is not a second paper.	YES	SOURCE_RESOLUTION_RECORD; NOT_INDEPENDENT_BLIND_REVIEW	NO
PMID41629974	UNCERTAIN_RECORD_SOURCE_RESOLUTION	INCLUDE	Human PBMC scRNA-seq includes a NK-cell proportion comparison between healthy controls and acute NMOSD. The larger NK biomarker result is flow cytometry and is not the scRNA claim. Privacy non-release does not exclude the paper.	YES	SOURCE_RESOLUTION_RECORD; NOT_INDEPENDENT_BLIND_REVIEW	YES
PMID42443389	UNCERTAIN_RECORD_SOURCE_RESOLUTION	UNRESOLVED_SOURCE_UNAVAILABLE	No PMC full text, methods, or supplement was retrieved. The abstract mentions NKT depletion but donor design and assay scope were not verified.	UNKNOWN	SOURCE_RESOLUTION_RECORD; NOT_INDEPENDENT_BLIND_REVIEW	NO
PMID41256374	EXPANSION_SELECTED	TO_SCREEN		UNKNOWN	NOT_YET_REVIEWED_AT_SELECTION	NO
PMID42820044	EXPANSION_SELECTED	TO_SCREEN		UNKNOWN	NOT_YET_REVIEWED_AT_SELECTION	NO
PMID36031693	EXPANSION_SELECTED	TO_SCREEN		UNKNOWN	NOT_YET_REVIEWED_AT_SELECTION	NO
PMID38128704	EXPANSION_SELECTED	TO_SCREEN		UNKNOWN	NOT_YET_REVIEWED_AT_SELECTION	NO
PMID40176290	EXPANSION_SELECTED	TO_SCREEN		UNKNOWN	NOT_YET_REVIEWED_AT_SELECTION	NO
PMID41286494	EXPANSION_SELECTED	TO_SCREEN		UNKNOWN	NOT_YET_REVIEWED_AT_SELECTION	NO
PMID32511460	EXPANSION_SELECTED	TO_SCREEN		UNKNOWN	NOT_YET_REVIEWED_AT_SELECTION	YES
PMID37166466	EXPANSION_SELECTED	TO_SCREEN		UNKNOWN	NOT_YET_REVIEWED_AT_SELECTION	NO
PMID42563361	EXPANSION_SELECTED	TO_SCREEN		UNKNOWN	NOT_YET_REVIEWED_AT_SELECTION	NO
PMID40710355	EXPANSION_SELECTED	TO_SCREEN		UNKNOWN	NOT_YET_REVIEWED_AT_SELECTION	NO
PMID37390467	EXPANSION_SELECTED	TO_SCREEN		UNKNOWN	NOT_YET_REVIEWED_AT_SELECTION	NO
PMID40192290	EXPANSION_SELECTED	TO_SCREEN		UNKNOWN	NOT_YET_REVIEWED_AT_SELECTION	NO
PMID36352225	EXPANSION_SELECTED	TO_SCREEN		UNKNOWN	NOT_YET_REVIEWED_AT_SELECTION	NO
PMID40516636	EXPANSION_SELECTED	TO_SCREEN		UNKNOWN	NOT_YET_REVIEWED_AT_SELECTION	NO
PMID42377966	EXPANSION_SELECTED	TO_SCREEN		UNKNOWN	NOT_YET_REVIEWED_AT_SELECTION	NO
PMID42459832	EXPANSION_SELECTED	TO_SCREEN		UNKNOWN	NOT_YET_REVIEWED_AT_SELECTION	NO
PMID41629202	EXPANSION_SELECTED	TO_SCREEN		UNKNOWN	NOT_YET_REVIEWED_AT_SELECTION	NO
PMID42210253	EXPANSION_SELECTED	TO_SCREEN		UNKNOWN	NOT_YET_REVIEWED_AT_SELECTION	NO
PMID39684661	EXPANSION_SELECTED	TO_SCREEN		UNKNOWN	NOT_YET_REVIEWED_AT_SELECTION	NO
PMID33106805	EXPANSION_SELECTED	TO_SCREEN		UNKNOWN	NOT_YET_REVIEWED_AT_SELECTION	NO
PMID38729950	EXPANSION_SELECTED	TO_SCREEN		UNKNOWN	NOT_YET_REVIEWED_AT_SELECTION	NO
PMID32763913	EXPANSION_SELECTED	TO_SCREEN		UNKNOWN	NOT_YET_REVIEWED_AT_SELECTION	NO
PMID33629280	EXPANSION_SELECTED	TO_SCREEN		UNKNOWN	NOT_YET_REVIEWED_AT_SELECTION	NO
PMID33745433	EXPANSION_SELECTED	TO_SCREEN		UNKNOWN	NOT_YET_REVIEWED_AT_SELECTION	NO
PMID40122810	EXPANSION_SELECTED	TO_SCREEN		UNKNOWN	NOT_YET_REVIEWED_AT_SELECTION	NO
PMID41593242	EXPANSION_SELECTED	TO_SCREEN		UNKNOWN	NOT_YET_REVIEWED_AT_SELECTION	NO
PMID38547430	EXPANSION_SELECTED	TO_SCREEN		UNKNOWN	NOT_YET_REVIEWED_AT_SELECTION	NO
PMID40982334	EXPANSION_SELECTED	TO_SCREEN		UNKNOWN	NOT_YET_REVIEWED_AT_SELECTION	NO
PMID33329548	EXPANSION_SELECTED	TO_SCREEN		UNKNOWN	NOT_YET_REVIEWED_AT_SELECTION	NO
PMID42039174	EXPANSION_SELECTED	TO_SCREEN		UNKNOWN	NOT_YET_REVIEWED_AT_SELECTION	NO
PMID37074178	EXPANSION_SELECTED	TO_SCREEN		UNKNOWN	NOT_YET_REVIEWED_AT_SELECTION	NO
PMID38936318	EXPANSION_SELECTED	TO_SCREEN		UNKNOWN	NOT_YET_REVIEWED_AT_SELECTION	NO
PMID38365731	EXPANSION_SELECTED	TO_SCREEN		UNKNOWN	NOT_YET_REVIEWED_AT_SELECTION	NO
PMID41462339	EXPANSION_SELECTED	TO_SCREEN		UNKNOWN	NOT_YET_REVIEWED_AT_SELECTION	NO
PMID42137938	EXPANSION_SELECTED	TO_SCREEN		UNKNOWN	NOT_YET_REVIEWED_AT_SELECTION	NO
PMID37391708	EXPANSION_SELECTED	TO_SCREEN		UNKNOWN	NOT_YET_REVIEWED_AT_SELECTION	NO
PMID35105355	EXPANSION_SELECTED	TO_SCREEN		UNKNOWN	NOT_YET_REVIEWED_AT_SELECTION	NO
PMID36824961	EXPANSION_SELECTED	TO_SCREEN		UNKNOWN	NOT_YET_REVIEWED_AT_SELECTION	NO
PMID38187779	EXPANSION_SELECTED	TO_SCREEN		UNKNOWN	NOT_YET_REVIEWED_AT_SELECTION	YES
PMID37554401	EXPANSION_SELECTED	TO_SCREEN		UNKNOWN	NOT_YET_REVIEWED_AT_SELECTION	NO
PMID41640334	EXPANSION_SELECTED	TO_SCREEN		UNKNOWN	NOT_YET_REVIEWED_AT_SELECTION	NO
PMID34700029	EXPANSION_SELECTED	TO_SCREEN		UNKNOWN	NOT_YET_REVIEWED_AT_SELECTION	NO
PMID37410389	EXPANSION_SELECTED	TO_SCREEN		UNKNOWN	NOT_YET_REVIEWED_AT_SELECTION	NO
PMID42292441	EXPANSION_SELECTED	TO_SCREEN		UNKNOWN	NOT_YET_REVIEWED_AT_SELECTION	YES
PMID32511461	EXPANSION_SELECTED	TO_SCREEN		UNKNOWN	NOT_YET_REVIEWED_AT_SELECTION	NO
PMID42433374	EXPANSION_SELECTED	TO_SCREEN		UNKNOWN	NOT_YET_REVIEWED_AT_SELECTION	YES
PMID42361720	EXPANSION_SELECTED	TO_SCREEN		UNKNOWN	NOT_YET_REVIEWED_AT_SELECTION	NO
PMID38490958	EXPANSION_SELECTED	TO_SCREEN		UNKNOWN	NOT_YET_REVIEWED_AT_SELECTION	NO
PMID40060484	EXPANSION_SELECTED	TO_SCREEN		UNKNOWN	NOT_YET_REVIEWED_AT_SELECTION	NO
PMID41965748	EXPANSION_SELECTED	TO_SCREEN		UNKNOWN	NOT_YET_REVIEWED_AT_SELECTION	NO
PMID42566469	EXPANSION_SELECTED	TO_SCREEN		UNKNOWN	NOT_YET_REVIEWED_AT_SELECTION	NO
PMID38914790	EXPANSION_SELECTED	TO_SCREEN		UNKNOWN	NOT_YET_REVIEWED_AT_SELECTION	NO
PMID40494845	EXPANSION_SELECTED	TO_SCREEN		UNKNOWN	NOT_YET_REVIEWED_AT_SELECTION	NO
PMID41255010	EXPANSION_SELECTED	TO_SCREEN		UNKNOWN	NOT_YET_REVIEWED_AT_SELECTION	NO
PMID33891889	EXPANSION_SELECTED	TO_SCREEN		UNKNOWN	NOT_YET_REVIEWED_AT_SELECTION	NO
PMID37771586	EXPANSION_SELECTED	TO_SCREEN		UNKNOWN	NOT_YET_REVIEWED_AT_SELECTION	NO
PMID39550562	EXPANSION_SELECTED	TO_SCREEN		UNKNOWN	NOT_YET_REVIEWED_AT_SELECTION	NO
PMID41873969	EXPANSION_SELECTED	TO_SCREEN		UNKNOWN	NOT_YET_REVIEWED_AT_SELECTION	NO
PMID35454098	EXPANSION_SELECTED	TO_SCREEN		UNKNOWN	NOT_YET_REVIEWED_AT_SELECTION	NO
PMID35621713	EXPANSION_SELECTED	TO_SCREEN		UNKNOWN	NOT_YET_REVIEWED_AT_SELECTION	NO
PMID41256374	EXPANSION_PROVISIONAL_SCREEN	EXCLUDE	Single-cell proteomics method paper; no disease-versus-control scRNA/snRNA cell-state abundance claim.	NO_QUALIFYING_CLAIM	PENDING_AT_SCREEN; AGENT_PROVISIONAL	NO
PMID42820044	EXPANSION_PROVISIONAL_SCREEN	EXCLUDE	Human PBMC single-cell analysis is used for communication and in silico perturbation; inspected results report HMGB1 expression, not a cell-state proportion change.	NO_QUALIFYING_CLAIM	PENDING_AT_SCREEN; AGENT_PROVISIONAL	NO
PMID36031693	EXPANSION_PROVISIONAL_SCREEN	EXCLUDE	Trial protocol without a completed composition result.	NO_QUALIFYING_CLAIM	PENDING_AT_SCREEN; AGENT_PROVISIONAL	NO
PMID38128704	EXPANSION_PROVISIONAL_SCREEN	INCLUDE		UNKNOWN	PENDING_AT_SCREEN; AGENT_PROVISIONAL	NO
PMID40176290	EXPANSION_PROVISIONAL_SCREEN	EXCLUDE	Mouse arthritis and human monocyte cultures; scRNA is cited for PAD4 expression, not a human disease-control abundance claim.	NO_QUALIFYING_CLAIM	PENDING_AT_SCREEN; AGENT_PROVISIONAL	NO
PMID41286494	EXPANSION_PROVISIONAL_SCREEN	EXCLUDE	Bulk differential expression, machine learning and CIBERSORT; single-cell data are used for senescence-gene activity, not as the disease-control abundance claim.	NO_QUALIFYING_CLAIM	PENDING_AT_SCREEN; AGENT_PROVISIONAL	NO
PMID32511460	EXPANSION_PROVISIONAL_SCREEN	INCLUDE		SOURCE_ANCHORED_CANDIDATE	PENDING_AT_SCREEN; AGENT_PROVISIONAL	YES
PMID37166466	EXPANSION_PROVISIONAL_SCREEN	EXCLUDE	Abstract uses scRNA to interpret cuproptosis-related genes after bulk WGCNA; no cell-state abundance claim is stated.	NO_QUALIFYING_CLAIM	PENDING_AT_SCREEN; AGENT_PROVISIONAL	NO
PMID42563361	EXPANSION_PROVISIONAL_SCREEN	EXCLUDE	Bulk glomerular expression and machine learning; scRNA is used for cell-specific gene expression and communication.	NO_QUALIFYING_CLAIM	PENDING_AT_SCREEN; AGENT_PROVISIONAL	NO
PMID40710355	EXPANSION_PROVISIONAL_SCREEN	EXCLUDE	All profiled donors have Graves disease; the contrast is peptide stimulation versus unstimulated cells, not disease versus control.	NO_QUALIFYING_CLAIM	PENDING_AT_SCREEN; AGENT_PROVISIONAL	NO
PMID37390467	EXPANSION_PROVISIONAL_SCREEN	EXCLUDE	Mouse Ldlr-/- atherosclerosis scRNA and flow cytometry.	NO_QUALIFYING_CLAIM	PENDING_AT_SCREEN; AGENT_PROVISIONAL	NO
PMID40192290	EXPANSION_PROVISIONAL_SCREEN	EXCLUDE	Microbial composition of breast tumors, not a human cell-state scRNA abundance claim.	NO_QUALIFYING_CLAIM	PENDING_AT_SCREEN; AGENT_PROVISIONAL	NO
PMID36352225	EXPANSION_PROVISIONAL_SCREEN	EXCLUDE	Mouse parenchymal-border macrophage study.	NO_QUALIFYING_CLAIM	PENDING_AT_SCREEN; AGENT_PROVISIONAL	NO
PMID40516636	EXPANSION_PROVISIONAL_SCREEN	EXCLUDE	Human SVZ microglia scRNA is used for disease gene signatures and culture effects, not a reported cell-state proportion change.	NO_QUALIFYING_CLAIM	PENDING_AT_SCREEN; AGENT_PROVISIONAL	NO
PMID42377966	EXPANSION_PROVISIONAL_SCREEN	INCLUDE		UNKNOWN	PENDING_AT_SCREEN; AGENT_PROVISIONAL	NO
PMID42459832	EXPANSION_PROVISIONAL_SCREEN	EXCLUDE	Reported immune proportions come from ssGSEA scores on bulk profiles; scRNA results inspected are gene-expression comparisons.	NO_QUALIFYING_CLAIM	PENDING_AT_SCREEN; AGENT_PROVISIONAL	NO
PMID41629202	EXPANSION_PROVISIONAL_SCREEN	INCLUDE		UNKNOWN	PENDING_AT_SCREEN; AGENT_PROVISIONAL	NO
PMID42210253	EXPANSION_PROVISIONAL_SCREEN	INCLUDE		SOURCE_ANCHORED_CANDIDATE	PENDING_AT_SCREEN; AGENT_PROVISIONAL	NO
PMID39684661	EXPANSION_PROVISIONAL_SCREEN	EXCLUDE	Bulk gene-overlap, enrichment and docking study of glioma and COVID-19; no disease-control cell-state abundance claim.	NO_QUALIFYING_CLAIM	PENDING_AT_SCREEN; AGENT_PROVISIONAL	NO
PMID33106805	EXPANSION_PROVISIONAL_SCREEN	INCLUDE		SOURCE_ANCHORED_CANDIDATE	PENDING_AT_SCREEN; AGENT_PROVISIONAL	NO
PMID38729950	EXPANSION_PROVISIONAL_SCREEN	EXCLUDE	iPSC organoid demultiplexing method; donor abundance is a technical readout of pooled cell lines.	NO_QUALIFYING_CLAIM	PENDING_AT_SCREEN; AGENT_PROVISIONAL	NO
PMID32763913	EXPANSION_PROVISIONAL_SCREEN	UNRESOLVED_SOURCE_UNAVAILABLE	Full text retrieval failed. The abstract mentions fibroblast clusters and increased inflammation but does not state a cell-state proportion claim.	UNKNOWN	PENDING_AT_SCREEN; AGENT_PROVISIONAL	NO
PMID33629280	EXPANSION_PROVISIONAL_SCREEN	EXCLUDE	Review of cardiac scRNA methods and prior studies.	NO_QUALIFYING_CLAIM	PENDING_AT_SCREEN; AGENT_PROVISIONAL	NO
PMID33745433	EXPANSION_PROVISIONAL_SCREEN	EXCLUDE	Two lung-cancer PDX cases; the stated result is differential expression and key genes, not cell-state abundance.	NO_QUALIFYING_CLAIM	PENDING_AT_SCREEN; AGENT_PROVISIONAL	NO
PMID40122810	EXPANSION_PROVISIONAL_SCREEN	EXCLUDE	Mouse PS19 tauopathy scRNA.	NO_QUALIFYING_CLAIM	PENDING_AT_SCREEN; AGENT_PROVISIONAL	NO
PMID41593242	EXPANSION_PROVISIONAL_SCREEN	EXCLUDE	Human neurodegenerative scRNA/TCR study. The inspected disease-versus-control claim is decreased clonal expansion, not a transcriptional cell-state proportion.	NO_QUALIFYING_CLAIM	PENDING_AT_SCREEN; AGENT_PROVISIONAL	NO
PMID38547430	EXPANSION_PROVISIONAL_SCREEN	UNRESOLVED_SOURCE_UNAVAILABLE	Full text retrieval failed. Metabolites are correlated with relative cell counts, but a standalone disease-control abundance claim was not established from the abstract.	UNKNOWN	PENDING_AT_SCREEN; AGENT_PROVISIONAL	NO
PMID40982334	EXPANSION_PROVISIONAL_SCREEN	EXCLUDE	Proportion result located in the mouse lupus-nephritis snRNA experiment; no human disease-control cell-state proportion claim was located.	NO_QUALIFYING_CLAIM	PENDING_AT_SCREEN; AGENT_PROVISIONAL	NO
PMID33329548	EXPANSION_PROVISIONAL_SCREEN	EXCLUDE	Disease contrast uses TCRbeta repertoire frequencies. scRNA is applied to CD8 cells, and the inspected abundance statement is epitope-specific TCR abundance.	NO_QUALIFYING_CLAIM	PENDING_AT_SCREEN; AGENT_PROVISIONAL	NO
PMID42039174	EXPANSION_PROVISIONAL_SCREEN	EXCLUDE	CIBERSORT deconvolution of bulk periodontitis and ulcerative colitis cohorts.	NO_QUALIFYING_CLAIM	PENDING_AT_SCREEN; AGENT_PROVISIONAL	NO
PMID37074178	EXPANSION_PROVISIONAL_SCREEN	EXCLUDE	Defective viral genome analysis of bulk and single-cell RNA-seq; inspected claims concern DVG reads and interferon stimulation, not cell-state proportions.	NO_QUALIFYING_CLAIM	PENDING_AT_SCREEN; AGENT_PROVISIONAL	NO
PMID38936318	EXPANSION_PROVISIONAL_SCREEN	INCLUDE		UNKNOWN	PENDING_AT_SCREEN; AGENT_PROVISIONAL	NO
PMID38365731	EXPANSION_PROVISIONAL_SCREEN	EXCLUDE	scRNA result is CD133 gene expression within proximal tubular cells, not a change in cell-state proportion.	NO_QUALIFYING_CLAIM	PENDING_AT_SCREEN; AGENT_PROVISIONAL	NO
PMID41462339	EXPANSION_PROVISIONAL_SCREEN	EXCLUDE	Human longitudinal CD4 scRNA explicitly reports no cell-type proportion difference between children who developed type 1 diabetes and matched controls.	NO_QUALIFYING_CLAIM	PENDING_AT_SCREEN; AGENT_PROVISIONAL	NO
PMID42137938	EXPANSION_PROVISIONAL_SCREEN	UNRESOLVED_SOURCE_UNAVAILABLE	Full text retrieval failed. The abstract describes human HFpEF versus control snRNA differential expression and does not state a cell-state proportion claim.	UNKNOWN	PENDING_AT_SCREEN; AGENT_PROVISIONAL	NO
PMID37391708	EXPANSION_PROVISIONAL_SCREEN	EXCLUDE	Plasma and urine proteomics; public scRNA is cited as corroboration, not as a disease-control abundance result of this study.	NO_QUALIFYING_CLAIM	PENDING_AT_SCREEN; AGENT_PROVISIONAL	NO
PMID35105355	EXPANSION_PROVISIONAL_SCREEN	EXCLUDE	Method paper that transfers bulk clinical labels onto cells and explicitly distinguishes itself from abundance deconvolution.	NO_QUALIFYING_CLAIM	PENDING_AT_SCREEN; AGENT_PROVISIONAL	NO
PMID36824961	EXPANSION_PROVISIONAL_SCREEN	EXCLUDE	Spatial and snRNA atlas of neurotypical dorsolateral prefrontal cortex; inspected disease analysis registers gene-set enrichment, not a disease-control abundance claim.	NO_QUALIFYING_CLAIM	PENDING_AT_SCREEN; AGENT_PROVISIONAL	NO
PMID38187779	EXPANSION_PROVISIONAL_SCREEN	INCLUDE		SOURCE_ANCHORED_CANDIDATE	PENDING_AT_SCREEN; AGENT_PROVISIONAL	YES
PMID37554401	EXPANSION_PROVISIONAL_SCREEN	EXCLUDE	CIBERSORT on bulk blood compares severe with mild SLE and does not use a healthy-control scRNA abundance design.	NO_QUALIFYING_CLAIM	PENDING_AT_SCREEN; AGENT_PROVISIONAL	NO
PMID41640334	EXPANSION_PROVISIONAL_SCREEN	UNRESOLVED_SOURCE_UNAVAILABLE	Abstract says cDC1s were enriched and that quantification used flow cytometry and immunofluorescence. scRNA-specific disease-control abundance cannot be separated without the full text.	UNKNOWN	PENDING_AT_SCREEN; AGENT_PROVISIONAL	NO
PMID34700029	EXPANSION_PROVISIONAL_SCREEN	EXCLUDE	Patient-derived enteroids treated with TNFalpha; the expansion is an in vitro treatment response, not an in vivo donor-level disease-control composition claim.	NO_QUALIFYING_CLAIM	PENDING_AT_SCREEN; AGENT_PROVISIONAL	NO
PMID37410389	EXPANSION_PROVISIONAL_SCREEN	EXCLUDE	Review of respiratory epithelial cell identities in scRNA atlases.	NO_QUALIFYING_CLAIM	PENDING_AT_SCREEN; AGENT_PROVISIONAL	NO
PMID42292441	EXPANSION_PROVISIONAL_SCREEN	INCLUDE		SOURCE_ANCHORED_CANDIDATE	PENDING_AT_SCREEN; AGENT_PROVISIONAL	YES
PMID32511461	EXPANSION_PROVISIONAL_SCREEN	EXCLUDE	Abstract reports ACE2 expression level in diabetic kidney proximal tubule cells, not a cell-state proportion.	NO_QUALIFYING_CLAIM	PENDING_AT_SCREEN; AGENT_PROVISIONAL	NO
PMID42433374	EXPANSION_PROVISIONAL_SCREEN	INCLUDE		SOURCE_ANCHORED_CANDIDATE	PENDING_AT_SCREEN; AGENT_PROVISIONAL	YES
PMID42361720	EXPANSION_PROVISIONAL_SCREEN	EXCLUDE	Mouse ApoE-knockout atherosclerosis scRNA after dimethylglycine treatment.	NO_QUALIFYING_CLAIM	PENDING_AT_SCREEN; AGENT_PROVISIONAL	NO
PMID38490958	EXPANSION_PROVISIONAL_SCREEN	EXCLUDE	Ascites extracellular-vesicle proteomics mapped onto published cell-type markers; cell proportions shown are flow-cytometry descriptions of ascites, not a disease-versus-control scRNA claim.	NO_QUALIFYING_CLAIM	PENDING_AT_SCREEN; AGENT_PROVISIONAL	NO
PMID40060484	EXPANSION_PROVISIONAL_SCREEN	EXCLUDE	Circadian-phase reconstruction from human brain snRNA; inspected claim is rhythmic gene expression, not cell-state abundance.	NO_QUALIFYING_CLAIM	PENDING_AT_SCREEN; AGENT_PROVISIONAL	NO
PMID41965748	EXPANSION_PROVISIONAL_SCREEN	EXCLUDE	Allele-specific expression method applied to a Parkinson snRNA cohort; no cell-state abundance claim.	NO_QUALIFYING_CLAIM	PENDING_AT_SCREEN; AGENT_PROVISIONAL	NO
PMID42566469	EXPANSION_PROVISIONAL_SCREEN	EXCLUDE	Mouse OVA-LPS and HDM asthma models.	NO_QUALIFYING_CLAIM	PENDING_AT_SCREEN; AGENT_PROVISIONAL	NO
PMID38914790	EXPANSION_PROVISIONAL_SCREEN	EXCLUDE	Review of single-cell studies in rheumatic and allergic diseases.	NO_QUALIFYING_CLAIM	PENDING_AT_SCREEN; AGENT_PROVISIONAL	NO
PMID40494845	EXPANSION_PROVISIONAL_SCREEN	EXCLUDE	RA synovial-fluid data note compares pre- and post-treatment samples and does not state a disease-versus-healthy-control abundance claim.	NO_QUALIFYING_CLAIM	PENDING_AT_SCREEN; AGENT_PROVISIONAL	NO
PMID41255010	EXPANSION_PROVISIONAL_SCREEN	UNRESOLVED_SOURCE_UNAVAILABLE	Chinese-language abstract is truncated. It describes within-patient fibrotic versus non-fibrotic Crohn tissue and does not establish a disease-versus-control abundance claim.	UNKNOWN	PENDING_AT_SCREEN; AGENT_PROVISIONAL	NO
PMID33891889	EXPANSION_PROVISIONAL_SCREEN	INCLUDE		SOURCE_ANCHORED_CANDIDATE	PENDING_AT_SCREEN; AGENT_PROVISIONAL	NO
PMID37771586	EXPANSION_PROVISIONAL_SCREEN	EXCLUDE	Mouse bleomycin lung-fibrosis scRNA.	NO_QUALIFYING_CLAIM	PENDING_AT_SCREEN; AGENT_PROVISIONAL	NO
PMID39550562	EXPANSION_PROVISIONAL_SCREEN	EXCLUDE	Review of kidney immune-cell scRNA studies in diabetic kidney disease.	NO_QUALIFYING_CLAIM	PENDING_AT_SCREEN; AGENT_PROVISIONAL	NO
PMID41873969	EXPANSION_PROVISIONAL_SCREEN	UNRESOLVED_SOURCE_UNAVAILABLE	Abstract links SAT cell composition from scRNA to plasma lipids in treated HIV. It does not state a disease-versus-control cell-state abundance claim, and full text was not retrieved.	UNKNOWN	PENDING_AT_SCREEN; AGENT_PROVISIONAL	NO
PMID35454098	EXPANSION_PROVISIONAL_SCREEN	EXCLUDE	Review; the located scRNA experiment is a mouse CaCl2 aneurysm model.	NO_QUALIFYING_CLAIM	PENDING_AT_SCREEN; AGENT_PROVISIONAL	NO
PMID35621713	EXPANSION_PROVISIONAL_SCREEN	EXCLUDE	Mouse syngeneic HNSCC cell-line experiment.	NO_QUALIFYING_CLAIM	PENDING_AT_SCREEN; AGENT_PROVISIONAL	NO
PMID32754283	SOURCE_CONFIRMED_CANDIDATE_INVENTORY	CANDIDATE		YES_SOURCE_SCREENING	LOCKED_CORE	YES
PMID41699549	SOURCE_CONFIRMED_CANDIDATE_INVENTORY	CANDIDATE		YES_SOURCE_SCREENING	LOCKED_CORE	YES
PMID32661339	SOURCE_CONFIRMED_CANDIDATE_INVENTORY	CANDIDATE		YES_SOURCE_SCREENING	LOCKED_CORE	YES
PMID37312900	SOURCE_CONFIRMED_CANDIDATE_INVENTORY	CANDIDATE		YES_SOURCE_SCREENING	LOCKED_CORE	YES
PMID40359016	SOURCE_CONFIRMED_CANDIDATE_INVENTORY	CANDIDATE		YES_SOURCE_SCREENING	LOCKED_CORE	YES
PMID41578022	SOURCE_CONFIRMED_CANDIDATE_INVENTORY	CANDIDATE		YES_SOURCE_SCREENING	LOCKED_CORE	YES
PMID41937210	SOURCE_CONFIRMED_CANDIDATE_INVENTORY	CANDIDATE		YES_SOURCE_SCREENING	LOCKED_CORE	YES
PMID40744996	SOURCE_CONFIRMED_CANDIDATE_INVENTORY	CANDIDATE		YES_SOURCE_SCREENING	LOCKED_CORE	YES
PMID35662411	SOURCE_CONFIRMED_CANDIDATE_INVENTORY	CANDIDATE		YES_SOURCE_SCREENING	LOCKED_CORE	YES
PMID36848564	SOURCE_CONFIRMED_CANDIDATE_INVENTORY	CANDIDATE		YES_SOURCE_SCREENING	LOCKED_CORE	YES
PMID31506348	SOURCE_CONFIRMED_CANDIDATE_INVENTORY	CANDIDATE		YES_SOURCE_SCREENING	LOCKED_CORE	YES
PMID34019156	SOURCE_CONFIRMED_CANDIDATE_INVENTORY	CANDIDATE		YES_SOURCE_SCREENING	LOCKED_CORE	YES
PMID40879186	SOURCE_CONFIRMED_CANDIDATE_INVENTORY	CANDIDATE		YES_SOURCE_SCREENING	LOCKED_CORE	YES
PMID35549656	SOURCE_CONFIRMED_CANDIDATE_INVENTORY	CANDIDATE		YES_SOURCE_SCREENING	PENDING_AT_INVENTORY	YES
PMID38374043	SOURCE_CONFIRMED_CANDIDATE_INVENTORY	CANDIDATE		YES_SOURCE_SCREENING	PENDING_AT_INVENTORY	NO
PMID41629974	SOURCE_CONFIRMED_CANDIDATE_INVENTORY	CANDIDATE		YES_SOURCE_SCREENING	PENDING_AT_INVENTORY	YES
PMID32511460	SOURCE_CONFIRMED_CANDIDATE_INVENTORY	CANDIDATE		YES_SOURCE_SCREENING	PENDING_AT_INVENTORY	YES
PMID42210253	SOURCE_CONFIRMED_CANDIDATE_INVENTORY	CANDIDATE		YES_SOURCE_SCREENING	PENDING_AT_INVENTORY	NO
PMID33106805	SOURCE_CONFIRMED_CANDIDATE_INVENTORY	CANDIDATE		YES_SOURCE_SCREENING	PENDING_AT_INVENTORY	NO
PMID38187779	SOURCE_CONFIRMED_CANDIDATE_INVENTORY	CANDIDATE		YES_SOURCE_SCREENING	PENDING_AT_INVENTORY	YES
PMID42292441	SOURCE_CONFIRMED_CANDIDATE_INVENTORY	CANDIDATE		YES_SOURCE_SCREENING	PENDING_AT_INVENTORY	YES
PMID42433374	SOURCE_CONFIRMED_CANDIDATE_INVENTORY	CANDIDATE		YES_SOURCE_SCREENING	PENDING_AT_INVENTORY	YES
PMID33891889	SOURCE_CONFIRMED_CANDIDATE_INVENTORY	CANDIDATE		YES_SOURCE_SCREENING	PENDING_AT_INVENTORY	NO
PMID35549656	ADDITIONAL_CLAIM_HUMAN_REVIEW_CAND01	YES		YES_FINAL_VALID_CLAIM	user; 2026-10-08	YES
PMID41629974	ADDITIONAL_CLAIM_HUMAN_REVIEW_CAND02	YES		YES_FINAL_VALID_CLAIM	user; 2026-10-08	YES
PMID38374043	ADDITIONAL_CLAIM_HUMAN_REVIEW_CAND03	NO	Human NO on the original candidate. It is not one state by one direction. Treatment contrast. Excluded from the disease-versus-control primary set. Proposed treatment splits are not appended.	NO_VALID_SINGLE_CLAIM	user; 2026-10-08	NO
PMID32511460	ADDITIONAL_CLAIM_HUMAN_REVIEW_CAND04	YES		YES_FINAL_VALID_CLAIM	user; 2026-10-08	YES
PMID42210253	ADDITIONAL_CLAIM_HUMAN_REVIEW_CAND05	NO	Human NO on the original candidate. Two states are conflated. Two disease-versus-control splits are recorded separately and are not appended.	NO_VALID_SINGLE_CLAIM	user; 2026-10-08	NO
PMID33106805	ADDITIONAL_CLAIM_HUMAN_REVIEW_CAND06	NO	Human NO on the original candidate. Four cell types are conflated. Splits stay held until each disease contrast is verified.	NO_VALID_SINGLE_CLAIM	user; 2026-10-08	NO
PMID38187779	ADDITIONAL_CLAIM_HUMAN_REVIEW_CAND07	YES		YES_FINAL_VALID_CLAIM	user; 2026-10-08	YES
PMID42292441	ADDITIONAL_CLAIM_HUMAN_REVIEW_CAND08	YES		YES_FINAL_VALID_CLAIM	user; 2026-10-08	YES
PMID42433374	ADDITIONAL_CLAIM_HUMAN_REVIEW_CAND09	YES		YES_FINAL_VALID_CLAIM	user; 2026-10-08	YES
PMID33891889	ADDITIONAL_CLAIM_HUMAN_REVIEW_CAND10	NO	Human NO on the original candidate. Three states have different directions. Three splits are recorded separately and are not appended.	NO_VALID_SINGLE_CLAIM	user; 2026-10-08	NO
PMID31506348	FINAL_FROZEN_CLAIM_CORPUS	INCLUDE		YES	HUMAN_LOCKED_CLAIM	YES
PMID32511460	FINAL_FROZEN_CLAIM_CORPUS	INCLUDE		YES	HUMAN_LOCKED_CLAIM	YES
PMID32661339	FINAL_FROZEN_CLAIM_CORPUS	INCLUDE		YES	HUMAN_LOCKED_CLAIM	YES
PMID32754283	FINAL_FROZEN_CLAIM_CORPUS	INCLUDE		YES	HUMAN_LOCKED_CLAIM	YES
PMID34019156	FINAL_FROZEN_CLAIM_CORPUS	INCLUDE		YES	HUMAN_LOCKED_CLAIM	YES
PMID35549656	FINAL_FROZEN_CLAIM_CORPUS	INCLUDE		YES	HUMAN_LOCKED_CLAIM	YES
PMID35662411	FINAL_FROZEN_CLAIM_CORPUS	INCLUDE		YES	HUMAN_LOCKED_CLAIM	YES
PMID36848564	FINAL_FROZEN_CLAIM_CORPUS	INCLUDE		YES	HUMAN_LOCKED_CLAIM	YES
PMID37312900	FINAL_FROZEN_CLAIM_CORPUS	INCLUDE		YES	HUMAN_LOCKED_CLAIM	YES
PMID38187779	FINAL_FROZEN_CLAIM_CORPUS	INCLUDE		YES	HUMAN_LOCKED_CLAIM	YES
PMID40359016	FINAL_FROZEN_CLAIM_CORPUS	INCLUDE		YES	HUMAN_LOCKED_CLAIM	YES
PMID40744996	FINAL_FROZEN_CLAIM_CORPUS	INCLUDE		YES	HUMAN_LOCKED_CLAIM	YES
PMID40879186	FINAL_FROZEN_CLAIM_CORPUS	INCLUDE		YES	HUMAN_LOCKED_CLAIM	YES
PMID41578022	FINAL_FROZEN_CLAIM_CORPUS	INCLUDE		YES	HUMAN_LOCKED_CLAIM	YES
PMID41629974	FINAL_FROZEN_CLAIM_CORPUS	INCLUDE		YES	HUMAN_LOCKED_CLAIM	YES
PMID41699549	FINAL_FROZEN_CLAIM_CORPUS	INCLUDE		YES	HUMAN_LOCKED_CLAIM	YES
PMID41937210	FINAL_FROZEN_CLAIM_CORPUS	INCLUDE		YES	HUMAN_LOCKED_CLAIM	YES
PMID42292441	FINAL_FROZEN_CLAIM_CORPUS	INCLUDE		YES	HUMAN_LOCKED_CLAIM	YES
PMID42433374	FINAL_FROZEN_CLAIM_CORPUS	INCLUDE		YES	HUMAN_LOCKED_CLAIM	YES
