row_key	claim_id	paper_id	cohort_id
C01	PMID40879186_C001	PMID40879186	COHORT_MS_ANTI_CD20
C02	PMID40879186_C002	PMID40879186	COHORT_MS_ANTI_CD20
C03	PMID41629974_C001	PMID41629974	COHORT_NMOSD_NK
C04	PMID41699549_C001	PMID41699549	COHORT_HCC_GSE245906
C05	PMID41699549_C003	PMID41699549	COHORT_HCC_GSE245906
C06	PMID31506348_C001	PMID31506348	COHORT_DN_GSE131882
C07	PMID32661339_C001	PMID32661339	COHORT_IPF_GSE135893
C08	PMID34019156_C001	PMID34019156	COHORT_CTE_GSE155114
C09	PMID34019156_C002	PMID34019156	COHORT_CTE_GSE155114
C10	PMID34019156_C003	PMID34019156	COHORT_CTE_GSE155114
C11	PMID34019156_C004	PMID34019156	COHORT_CTE_GSE155114
C12	PMID34019156_C005	PMID34019156	COHORT_CTE_GSE155114
C13	PMID34019156_C006	PMID34019156	COHORT_CTE_GSE155114
C14	PMID34019156_C007	PMID34019156	COHORT_CTE_GSE155114
C15	PMID37312900_C001	PMID37312900	COHORT_DN_GSE131882
C16	PMID37312900_C002	PMID37312900	COHORT_DN_GSE131882
C17	PMID37312900_C003	PMID37312900	COHORT_DN_GSE131882
C18	PMID41699549_C002	PMID41699549	COHORT_HCC_GSE245906
C19	PMID32511460_C001	PMID32511460	COHORT_HF_ACE2
C20	PMID32754283_C001	PMID32754283	COHORT_CKTR
C21	PMID32754283_C002	PMID32754283	COHORT_CKTR
C22	PMID35549656_C001	PMID35549656	COHORT_COPD_PBEC_ALI
C23	PMID35662411_C001	PMID35662411	COHORT_PREG_SARSCOV2
C24	PMID35662411_C002	PMID35662411	COHORT_PREG_SARSCOV2
C25	PMID35662411_C003	PMID35662411	COHORT_PREG_SARSCOV2
C26	PMID35662411_C004	PMID35662411	COHORT_PREG_SARSCOV2
C27	PMID36848564_C001	PMID36848564	COHORT_COVID_LUNG
C28	PMID38187779_C001	PMID38187779	COHORT_MS_ROSMAP_NONLESIONAL
C29	PMID40359016_C001	PMID40359016	COHORT_EARLY_MS_GSE267750
C30	PMID40359016_C002	PMID40359016	COHORT_EARLY_MS_GSE267750
C31	PMID40359016_C003	PMID40359016	COHORT_EARLY_MS_GSE267750
C32	PMID40744996_C001	PMID40744996	COHORT_SLE_GSE254176
C33	PMID40744996_C002	PMID40744996	COHORT_SLE_GSE254176
C34	PMID40744996_C003	PMID40744996	COHORT_SLE_GSE254176
C35	PMID40744996_C004	PMID40744996	COHORT_SLE_GSE254176
C36	PMID40744996_C005	PMID40744996	COHORT_SLE_GSE254176
C37	PMID40744996_C006	PMID40744996	COHORT_SLE_GSE254176
C38	PMID40744996_C007	PMID40744996	COHORT_SLE_GSE254176
C39	PMID41578022_C001	PMID41578022	COHORT_COPD_GSE310058
C40	PMID41578022_C002	PMID41578022	COHORT_COPD_GSE310058
C41	PMID41578022_C003	PMID41578022	COHORT_COPD_GSE310058
C42	PMID41578022_C004	PMID41578022	COHORT_COPD_GSE310058
C43	PMID41578022_C005	PMID41578022	COHORT_COPD_GSE310058
C44	PMID41937210_C001	PMID41937210	COHORT_CARDIAC_ATLAS
C45	PMID41937210_C002	PMID41937210	COHORT_CARDIAC_ATLAS
C46	PMID41937210_C003	PMID41937210	COHORT_CARDIAC_ATLAS
C47	PMID41937210_C004	PMID41937210	COHORT_CARDIAC_ATLAS
C48	PMID41937210_C005	PMID41937210	COHORT_CARDIAC_ATLAS
C49	PMID42292441_C001	PMID42292441	COHORT_SSC_ILD
C50	PMID42433374_C001	PMID42433374	COHORT_T1D_ISLET
