display_order	row_key	claim_id	reusability_class	first_unclosed_node	cohort_id	paper_id
1	C01	PMID34019156_C001	PARTIALLY_REUSABLE	DONOR	COHORT_CTE_GSE155114	PMID34019156
2	C02	PMID34019156_C002	PARTIALLY_REUSABLE	DONOR	COHORT_CTE_GSE155114	PMID34019156
3	C03	PMID34019156_C003	PARTIALLY_REUSABLE	DONOR	COHORT_CTE_GSE155114	PMID34019156
4	C04	PMID34019156_C004	PARTIALLY_REUSABLE	DONOR	COHORT_CTE_GSE155114	PMID34019156
5	C05	PMID34019156_C005	PARTIALLY_REUSABLE	DONOR	COHORT_CTE_GSE155114	PMID34019156
6	C06	PMID34019156_C006	PARTIALLY_REUSABLE	DONOR	COHORT_CTE_GSE155114	PMID34019156
7	C07	PMID34019156_C007	PARTIALLY_REUSABLE	DONOR	COHORT_CTE_GSE155114	PMID34019156
8	C08	PMID31506348_C001	PARTIALLY_REUSABLE	AUTHOR_LABEL	COHORT_DN_GSE131882	PMID31506348
9	C09	PMID37312900_C001	PARTIALLY_REUSABLE	AUTHOR_LABEL	COHORT_DN_GSE131882	PMID37312900
10	C10	PMID37312900_C002	PARTIALLY_REUSABLE	AUTHOR_LABEL	COHORT_DN_GSE131882	PMID37312900
11	C11	PMID37312900_C003	PARTIALLY_REUSABLE	AUTHOR_LABEL	COHORT_DN_GSE131882	PMID37312900
12	C12	PMID41699549_C002	PARTIALLY_REUSABLE	AUTHOR_LABEL	COHORT_HCC_GSE245906	PMID41699549
13	C13	PMID32661339_C001	PARTIALLY_REUSABLE	DENOMINATOR	COHORT_IPF_GSE135893	PMID32661339
14	C14	PMID40879186_C001	NOT_REUSABLE	PUBLIC_SOURCE	COHORT_MS_ANTI_CD20	PMID40879186
15	C15	PMID40879186_C002	NOT_REUSABLE	PUBLIC_SOURCE	COHORT_MS_ANTI_CD20	PMID40879186
16	C16	PMID41629974_C001	NOT_REUSABLE	PUBLIC_SOURCE	COHORT_NMOSD_NK	PMID41629974
17	C17	PMID41699549_C001	NOT_REUSABLE	AUTHOR_LABEL	COHORT_HCC_GSE245906	PMID41699549
18	C18	PMID41699549_C003	NOT_REUSABLE	AUTHOR_LABEL	COHORT_HCC_GSE245906	PMID41699549
19	C19	PMID32754283_C001	UNRESOLVED	PUBLIC_SOURCE	COHORT_CKTR	PMID32754283
20	C20	PMID32754283_C002	UNRESOLVED	PUBLIC_SOURCE	COHORT_CKTR	PMID32754283
21	C21	PMID35549656_C001	UNRESOLVED	PUBLIC_SOURCE	COHORT_COPD_PBEC_ALI	PMID35549656
22	C22	PMID32511460_C001	UNRESOLVED	PUBLIC_SOURCE	COHORT_HF_ACE2	PMID32511460
23	C23	PMID38187779_C001	UNRESOLVED	PUBLIC_SOURCE	COHORT_MS_ROSMAP_NONLESIONAL	PMID38187779
24	C24	PMID42433374_C001	UNRESOLVED	PUBLIC_SOURCE	COHORT_T1D_ISLET	PMID42433374
25	C25	PMID41937210_C001	UNRESOLVED	COHORT	COHORT_CARDIAC_ATLAS	PMID41937210
26	C26	PMID41937210_C002	UNRESOLVED	COHORT	COHORT_CARDIAC_ATLAS	PMID41937210
27	C27	PMID41937210_C003	UNRESOLVED	COHORT	COHORT_CARDIAC_ATLAS	PMID41937210
28	C28	PMID41937210_C004	UNRESOLVED	COHORT	COHORT_CARDIAC_ATLAS	PMID41937210
29	C29	PMID41937210_C005	UNRESOLVED	COHORT	COHORT_CARDIAC_ATLAS	PMID41937210
30	C30	PMID41578022_C001	UNRESOLVED	COHORT	COHORT_COPD_GSE310058	PMID41578022
31	C31	PMID41578022_C002	UNRESOLVED	COHORT	COHORT_COPD_GSE310058	PMID41578022
32	C32	PMID41578022_C003	UNRESOLVED	COHORT	COHORT_COPD_GSE310058	PMID41578022
33	C33	PMID41578022_C004	UNRESOLVED	COHORT	COHORT_COPD_GSE310058	PMID41578022
34	C34	PMID41578022_C005	UNRESOLVED	COHORT	COHORT_COPD_GSE310058	PMID41578022
35	C35	PMID36848564_C001	UNRESOLVED	COHORT	COHORT_COVID_LUNG	PMID36848564
36	C36	PMID40359016_C001	UNRESOLVED	COHORT	COHORT_EARLY_MS_GSE267750	PMID40359016
37	C37	PMID40359016_C002	UNRESOLVED	COHORT	COHORT_EARLY_MS_GSE267750	PMID40359016
38	C38	PMID40359016_C003	UNRESOLVED	COHORT	COHORT_EARLY_MS_GSE267750	PMID40359016
39	C39	PMID35662411_C001	UNRESOLVED	COHORT	COHORT_PREG_SARSCOV2	PMID35662411
40	C40	PMID35662411_C002	UNRESOLVED	COHORT	COHORT_PREG_SARSCOV2	PMID35662411
41	C41	PMID35662411_C003	UNRESOLVED	COHORT	COHORT_PREG_SARSCOV2	PMID35662411
42	C42	PMID35662411_C004	UNRESOLVED	COHORT	COHORT_PREG_SARSCOV2	PMID35662411
43	C43	PMID40744996_C001	UNRESOLVED	COHORT	COHORT_SLE_GSE254176	PMID40744996
44	C44	PMID40744996_C002	UNRESOLVED	COHORT	COHORT_SLE_GSE254176	PMID40744996
45	C45	PMID40744996_C003	UNRESOLVED	COHORT	COHORT_SLE_GSE254176	PMID40744996
46	C46	PMID40744996_C004	UNRESOLVED	COHORT	COHORT_SLE_GSE254176	PMID40744996
47	C47	PMID40744996_C005	UNRESOLVED	COHORT	COHORT_SLE_GSE254176	PMID40744996
48	C48	PMID40744996_C006	UNRESOLVED	COHORT	COHORT_SLE_GSE254176	PMID40744996
49	C49	PMID40744996_C007	UNRESOLVED	COHORT	COHORT_SLE_GSE254176	PMID40744996
50	C50	PMID42292441_C001	UNRESOLVED	COHORT	COHORT_SSC_ILD	PMID42292441
